historical_trigger_frequency,active_enrolled_riders,rain_forecast_score,aqi_forecast_score,estimated_claims
0.37,892,3.87,2.38,85
0.95,322,8.63,9.42,125
0.73,849,3.09,6.04,100
0.6,528,2.94,1.05,11
0.16,215,2.66,5.73,4
0.16,961,3.33,5.01,219
0.06,384,5.57,8.56,73
0.87,460,7.07,5.31,73
0.6,635,6.63,2.55,92
0.71,793,8.08,6.76,152
0.02,604,8.86,5.43,57
0.97,188,8.16,2.33,44
0.83,219,0.19,5.74,23
0.21,509,7.36,8.22,121
0.18,473,2.08,0.29,21
0.18,849,1.33,6.31,84
0.3,133,6.38,3.5,5
0.52,122,3.2,2.93,18
0.43,21,0.57,3.93,0
0.29,135,1.38,3.42,4
0.61,574,0.01,8.32,50
0.14,340,9.03,2.75,23
0.29,910,0.25,7.33,57
0.37,292,2.09,0.94,8
0.46,149,4.16,9.51,24
0.79,410,3.57,6.22,29
0.2,911,9.12,7.07,240
0.51,106,0.4,2.98,9
0.59,526,5.12,4.12,55
0.05,578,6.8,2.24,57
0.61,933,9.32,9.33,285
0.17,855,6.2,4.88,118
0.07,78,8.04,6.3,10
0.95,127,0.84,7.34,16
0.97,897,3.86,3.71,80
0.81,68,3.74,7.2,9
0.3,42,8.86,6.76,9
0.1,327,1.51,7.06,49
0.68,59,1.52,4.89,12
0.44,889,3.29,3.83,158
0.12,498,0.54,2.22,16
0.5,28,1.82,8.25,7
0.03,735,9.65,6.08,173
0.91,206,4.28,4.44,22
0.26,900,6.32,9.44,186
0.66,459,7.26,0.48,52
0.31,999,3.67,8.5,93
0.52,568,1.47,9.98,51
0.55,688,2.07,8.87,96
0.18,461,3.13,8.1,81
0.97,298,6.36,3.74,70
0.78,150,3.98,2.31,9
0.94,93,0.07,7.35,10
0.89,703,5.23,3.05,125
0.6,400,9.22,1.76,77
0.92,600,8.12,7.87,169
0.09,224,8.25,3.13,31
0.2,535,7.95,9.14,152
0.05,224,3.24,8.41,30
0.33,412,7.65,8.48,105
0.39,137,1.43,7.72,14
0.27,831,6.58,8.81,169
0.83,486,6.42,8.06,67
0.36,769,0.26,6.03,31
0.28,413,7.88,2.96,63
0.54,38,9.03,8.88,10
0.14,801,2.67,8.41,212
0.8,347,8.12,4.73,66
0.07,840,0.82,0.39,0
0.99,723,6.0,6.39,209
0.77,370,4.86,0.51,63
0.2,578,5.46,9.26,73
0.01,401,9.26,9.62,104
0.82,227,8.71,1.89,53
0.71,583,7.85,6.76,134
0.73,678,2.74,0.92,70
0.77,211,9.12,7.3,46
0.07,26,0.98,3.47,2
0.36,331,8.53,6.81,63
0.12,527,3.28,3.73,0
0.86,579,0.54,1.46,44
0.62,334,6.69,4.06,29
0.33,421,2.31,1.13,48
0.06,327,2.44,5.77,13
0.31,690,3.06,0.41,0
0.33,974,0.64,5.27,0
0.73,91,1.77,8.86,14
0.64,483,0.05,8.38,61
0.89,477,4.45,8.83,62
0.47,434,0.84,9.22,32
0.12,954,6.83,1.05,113
0.71,740,2.36,1.29,98
0.76,698,9.44,5.57,122
0.56,213,8.71,8.94,57
0.77,592,2.89,9.74,55
0.49,396,7.83,0.46,64
0.52,787,8.03,3.56,173
0.43,107,9.87,2.13,23
0.03,354,5.98,7.56,77
0.11,812,0.82,6.4,104
0.03,217,6.47,1.2,44
0.64,523,6.25,4.84,94
0.31,645,6.38,6.85,176
0.51,801,3.07,7.79,82
0.91,595,8.6,0.2,99
0.25,175,9.59,8.9,42
0.41,31,2.18,5.69,2
0.76,163,0.88,8.12,2
0.23,948,1.95,8.08,156
0.08,448,8.21,1.9,45
0.29,304,6.77,1.1,33
0.16,228,6.36,7.21,58
0.93,678,4.02,1.56,102
0.81,504,5.78,8.5,151
0.63,239,3.08,7.26,37
0.87,29,4.77,8.42,7
0.8,996,7.93,2.99,176
0.19,562,9.81,3.17,82
0.89,959,9.32,6.71,268
0.54,157,9.34,0.31,23
0.81,117,4.02,7.26,24
0.9,412,4.69,8.36,70
0.32,605,7.06,4.15,94
0.11,492,9.22,7.65,106
0.23,376,1.42,1.75,39
0.43,843,3.04,3.22,66
0.82,423,1.39,9.74,92
0.86,318,6.12,9.86,60
0.01,811,3.06,5.13,90
0.51,927,3.26,9.34,124
0.42,844,0.71,5.23,118
0.22,143,3.5,2.92,7
0.12,728,8.62,2.67,92
0.34,292,2.33,9.3,24
0.94,787,6.95,1.72,137
0.32,82,6.3,5.8,16
0.52,490,8.63,5.56,115
0.7,361,1.32,7.4,44
0.36,569,9.78,4.99,103
0.97,335,5.83,2.72,50
0.96,754,9.95,1.69,152
0.25,452,9.12,6.21,101
0.5,109,2.22,7.19,15
0.3,68,0.56,5.7,11
0.28,517,2.56,7.38,66
0.04,267,5.28,1.42,30
0.61,422,1.72,8.82,62
0.5,461,1.67,5.82,42
0.05,74,4.63,1.27,8
0.28,604,0.33,4.62,27
0.91,163,1.22,8.45,24
0.24,994,4.16,8.98,221
0.14,275,0.63,2.65,5
0.49,830,3.97,7.11,145
0.99,88,4.74,1.0,1
0.24,324,4.51,0.34,24
0.67,671,8.69,5.6,131
0.76,956,5.3,6.95,185
0.24,569,4.68,7.96,85
0.73,926,4.11,3.4,129
0.37,900,8.18,0.07,111
0.63,257,8.95,4.8,60
0.63,799,8.53,0.16,60
0.54,877,6.74,0.92,125
0.09,619,1.37,3.27,7
0.84,423,2.77,4.37,79
0.32,34,0.46,2.79,0
0.19,293,9.31,5.82,75
0.04,458,6.61,0.55,49
0.59,890,7.46,1.45,57
0.68,310,3.12,6.95,33
0.02,77,8.46,1.42,14
0.51,16,2.6,6.4,3
0.23,826,0.02,0.55,0
0.65,146,3.76,4.07,30
0.17,173,5.71,1.77,19
0.69,92,4.79,1.1,15
0.39,906,8.62,5.67,131
0.94,659,1.05,9.28,88
0.14,429,5.54,0.55,50
0.34,82,5.13,4.22,10
0.11,246,2.81,7.08,0
0.92,55,8.22,4.63,11
0.88,627,7.53,8.06,87
0.26,937,7.33,1.8,82
0.66,809,8.76,9.6,154
0.82,271,7.23,3.85,66
0.56,185,2.32,3.42,31
0.53,175,7.06,8.75,41
0.24,666,3.08,5.64,69
0.09,851,2.42,5.16,80
0.9,379,0.73,7.27,70
0.9,804,7.44,5.8,93
0.63,63,7.11,1.63,6
0.34,699,2.34,6.74,119
0.35,428,7.49,1.33,87
0.73,765,9.18,8.06,217
0.9,516,1.08,9.9,56
0.89,350,2.33,3.77,58
0.78,136,7.5,4.45,36
0.64,418,2.75,0.46,48
0.08,933,6.25,0.14,0
0.16,376,0.81,9.21,45
0.9,280,4.52,1.29,43
0.61,653,7.39,4.46,105
0.01,614,6.87,8.15,119
0.1,388,8.15,8.89,74
0.66,82,8.77,5.19,14
0.01,932,7.73,5.65,232
0.16,931,6.72,6.7,174
0.55,924,0.32,9.61,68
0.69,257,5.35,6.03,27
0.65,869,0.38,5.59,44
0.22,794,8.08,0.15,72
0.71,52,3.21,0.81,5
0.24,386,5.62,5.77,69
0.33,50,2.79,9.36,9
0.75,179,7.83,8.67,37
0.65,955,8.87,9.83,296
0.85,221,3.99,5.28,48
0.66,502,8.63,7.88,115
0.57,689,2.67,8.4,70
0.09,48,5.35,6.48,7
0.37,378,8.59,3.39,109
0.27,766,3.26,4.7,43
0.24,160,9.54,8.58,34
0.97,120,1.22,2.99,12
0.39,489,0.18,9.24,69
0.89,445,9.04,2.3,46
0.63,56,0.69,7.5,10
0.79,584,9.92,6.31,185
0.5,746,9.51,7.5,165
0.58,375,1.37,4.37,86
0.49,78,5.38,9.33,20
0.2,308,1.85,6.32,49
0.72,953,4.28,2.88,180
0.28,811,0.61,6.38,118
0.02,305,2.24,2.87,19
0.65,212,3.63,2.94,23
0.18,70,4.39,4.0,5
0.94,955,9.77,8.52,239
0.95,972,8.08,5.0,197
0.91,839,7.37,6.79,191
0.37,323,5.37,3.92,70
0.02,170,8.4,2.64,8
0.93,340,3.39,9.55,88
0.43,537,7.09,6.04,74
0.97,347,9.94,9.34,99
0.96,615,3.15,2.03,49
0.85,313,6.74,1.47,79
0.29,512,8.44,8.56,103
0.39,659,9.16,6.81,165
0.85,347,7.18,1.87,69
0.32,559,2.84,2.69,15
0.17,648,3.26,8.01,86
0.56,284,0.21,4.54,39
0.94,173,7.61,6.71,32
0.7,452,0.43,3.18,52
0.57,328,8.65,3.81,59
0.1,598,1.19,9.91,108
0.62,513,1.72,2.48,87
0.99,695,4.77,5.06,50
0.14,396,7.38,8.44,54
0.52,979,1.39,2.39,48
0.88,879,4.4,4.15,198
0.74,842,4.83,6.15,166
0.7,897,2.12,4.81,47
0.7,612,1.16,4.6,81
0.36,759,8.36,3.63,102
0.29,785,5.02,5.87,151
0.81,700,0.14,6.24,92
0.81,503,8.03,6.53,91
0.87,499,9.81,0.7,97
0.91,730,6.06,6.31,190
0.51,82,5.04,9.53,8
0.5,518,8.78,5.41,117
0.8,399,9.53,7.15,79
0.65,628,7.55,5.57,126
0.7,866,4.45,8.55,182
0.8,304,5.92,9.3,98
0.89,378,7.01,1.84,63
0.34,965,1.94,4.37,157
0.38,805,4.47,3.92,67
0.09,874,8.3,4.05,127
0.58,703,6.55,1.26,119
0.04,558,4.11,8.14,87
0.47,658,6.63,0.36,72
0.54,859,1.18,5.28,69
0.29,577,4.01,6.62,120
0.59,196,7.93,2.07,30
0.03,862,2.21,9.06,64
0.04,779,1.86,8.39,55
0.82,454,9.51,4.71,120
0.36,579,2.1,4.11,118
0.13,372,2.61,2.37,16
0.52,132,9.7,7.3,46
0.77,197,7.35,1.32,32
0.22,751,7.0,6.8,128
0.62,689,8.53,8.42,136
0.09,429,1.16,2.28,15
0.05,635,7.06,8.66,100
0.53,261,5.04,0.33,17
0.54,628,8.29,9.13,101
0.64,558,5.08,1.18,116
0.73,344,6.2,6.46,85
0.98,101,4.78,2.5,16
0.52,539,4.78,8.37,94
0.32,875,7.68,5.12,159
0.8,72,6.29,1.35,8
0.27,671,6.33,5.71,73
0.44,521,4.5,4.08,87
0.08,148,5.31,6.61,20
0.03,707,7.46,8.82,154
0.96,194,8.26,4.09,25
0.84,214,6.97,2.9,34
0.7,781,9.24,0.15,92
0.41,223,8.2,5.75,50
0.17,265,5.62,4.02,48
0.16,144,6.71,3.75,32
0.25,582,9.26,1.83,80
0.55,884,6.19,4.3,95
0.71,831,8.25,9.84,197
0.66,97,6.89,2.98,13
0.28,845,5.52,6.0,151
0.95,997,2.42,7.76,91
0.74,216,4.26,7.49,19
0.55,138,9.68,3.29,26
0.61,832,6.58,6.11,189
0.42,12,5.64,8.71,2
0.25,983,9.33,0.15,193
0.36,943,5.87,4.36,158
0.76,763,5.26,2.24,165
0.01,130,7.59,3.89,15
0.12,394,7.13,4.16,29
0.05,623,1.93,7.47,85
0.04,47,4.71,0.94,5
0.86,350,4.73,5.13,61
0.7,934,3.78,5.64,89
0.47,654,5.17,4.94,124
0.1,723,4.13,7.32,78
0.49,869,1.99,3.84,89
0.47,30,4.12,9.45,5
0.17,251,0.72,4.82,21
0.43,464,5.76,5.71,49
0.4,972,8.54,8.26,248
0.62,630,7.25,2.75,126
0.64,312,3.6,0.75,31
0.05,605,0.87,7.08,102
0.37,604,2.02,4.83,65
0.63,812,5.45,8.97,202
0.5,973,2.07,9.83,155
0.86,78,5.44,3.99,16
0.66,138,2.32,4.15,5
0.16,205,8.49,4.08,36
0.07,149,3.97,3.25,6
0.64,453,2.46,7.82,70
0.03,292,8.12,7.59,64
0.59,321,3.43,4.79,54
0.94,755,1.11,0.45,70
0.58,544,5.7,3.1,70
0.39,674,5.82,2.92,66
0.64,286,7.15,8.11,30
0.46,70,2.4,0.88,5
0.55,328,4.44,8.06,76
0.94,899,2.82,6.69,145
0.39,61,0.81,7.32,6
0.96,865,8.77,4.32,199
0.91,162,7.29,6.8,33
0.2,758,3.01,6.09,95
0.07,320,5.99,7.69,48
0.1,823,2.01,4.47,29
0.02,553,8.9,4.73,98
0.09,576,1.15,6.44,47
0.68,873,0.04,1.08,121
0.07,398,5.02,4.36,33
0.32,557,5.83,9.72,107
0.84,631,5.79,0.38,76
0.02,186,0.55,3.16,3
0.81,371,3.14,3.14,54
0.28,323,4.99,6.33,85
0.12,816,2.17,1.06,27
0.7,857,8.73,6.29,218
0.63,106,0.87,0.95,0
0.88,890,4.87,0.95,95
0.74,222,6.91,7.28,65
0.8,838,2.62,3.24,91
0.28,146,6.24,9.77,34
0.18,15,8.29,0.37,2
0.75,118,1.9,4.45,15
0.81,556,9.17,1.13,151
0.99,48,5.54,3.51,5
0.41,671,2.99,9.98,184
0.37,434,4.31,8.89,41
0.78,639,3.12,0.48,42
0.34,270,7.25,5.63,38
0.93,435,7.96,6.48,94
0.86,96,8.33,2.1,14
0.43,474,9.86,1.45,65
0.75,85,7.91,9.04,16
0.75,480,6.01,9.69,123
0.1,985,3.39,9.92,141
0.9,972,5.45,7.9,176
0.51,423,0.41,6.64,47
0.83,834,7.45,3.46,94
0.32,904,4.46,1.71,104
0.9,735,0.2,0.79,38
0.39,466,0.63,6.93,44
0.01,294,3.87,7.85,48
0.91,248,5.83,8.26,74
0.09,686,4.64,9.14,125
0.32,608,6.19,8.8,114
0.95,662,4.8,10.0,106
0.95,681,6.62,2.44,35
0.57,567,2.19,7.63,82
0.63,381,1.13,5.86,17
0.45,504,5.96,2.61,6
0.29,633,4.85,9.82,106
0.33,928,0.27,8.98,113
0.67,54,3.8,1.29,8
0.75,410,1.06,0.26,45
0.79,256,5.31,6.88,59
0.79,625,3.96,6.04,128
0.09,606,6.13,9.36,71
0.49,459,8.06,2.34,74
0.06,494,3.0,0.84,42
0.55,655,9.62,2.59,131
0.44,629,5.36,0.19,61
0.89,27,6.18,0.36,4
0.35,615,6.81,9.15,137
0.12,671,6.67,3.52,92
0.14,767,5.11,4.11,63
0.76,298,4.29,0.18,6
0.62,423,0.54,2.71,24
0.1,730,0.22,8.05,67
0.08,647,3.58,6.15,79
0.7,244,3.34,7.54,51
0.07,425,3.88,4.47,69
0.82,947,1.38,3.1,83
0.71,508,7.38,4.83,96
0.08,983,8.57,3.23,190
0.08,643,9.39,8.39,161
0.99,659,4.92,2.98,86
0.37,124,7.01,6.6,28
0.37,941,8.56,1.37,144
0.81,683,4.18,6.87,113
0.95,722,3.09,9.13,149
0.99,243,9.37,6.09,57
0.75,549,5.16,5.6,96
0.38,20,4.97,9.61,4
0.08,215,1.78,6.27,29
0.78,688,1.08,2.6,82
0.56,256,8.42,2.92,50
0.42,568,6.14,7.05,30
0.91,767,3.26,7.35,138
0.11,136,1.92,3.03,11
0.49,156,5.55,3.45,27
0.01,127,5.84,9.91,18
0.47,920,2.07,1.02,0
0.06,391,8.51,4.05,83
0.12,421,0.84,0.62,0
0.12,673,3.56,8.21,136
0.65,593,6.8,0.92,68
0.75,372,2.74,6.74,35
0.58,518,8.28,0.56,91
0.96,146,7.4,6.73,38
0.37,184,7.89,8.43,46
0.29,298,1.19,3.99,29
0.87,967,1.41,5.22,79
0.22,490,2.86,4.02,9
0.96,28,5.18,3.0,4
0.01,204,7.48,8.03,28
0.97,339,8.37,2.72,76
0.04,945,7.04,7.23,211
0.89,184,9.29,2.06,39
0.53,458,7.39,2.5,74
0.99,934,3.06,3.36,106
0.07,955,2.65,5.89,144
0.55,363,6.96,4.54,31
0.97,508,1.93,7.45,47
0.52,150,0.93,2.14,23
0.63,767,5.32,0.11,38
0.7,906,8.22,7.77,238
0.45,939,1.01,8.22,147
0.63,102,7.92,0.59,6
0.58,953,8.12,6.11,119
0.9,248,4.82,3.78,54
0.05,214,0.57,7.94,9
0.28,569,1.75,8.74,46
0.95,442,7.07,8.51,94
0.89,254,7.12,7.77,46
0.46,841,8.98,2.69,177
0.62,326,5.83,8.12,46
0.28,934,1.24,5.33,0
0.19,304,1.21,0.53,28
0.46,649,7.21,4.57,78
0.35,865,1.84,9.42,88
0.58,291,3.28,8.88,61
0.08,26,4.87,1.02,2
0.97,80,0.25,7.44,15
0.99,278,2.49,8.06,58
0.7,334,4.08,2.71,34
0.54,803,2.8,4.72,134
0.31,314,1.36,7.11,36
0.81,460,7.28,4.39,75
0.68,16,8.13,1.13,3
0.16,323,2.57,7.06,17
0.91,826,7.74,9.12,243
0.82,112,3.86,6.52,22
0.95,830,5.07,7.74,172
0.73,202,8.56,3.58,21
0.61,762,7.5,1.83,167
0.42,583,8.05,6.43,133
0.93,538,1.37,3.28,53
0.87,180,0.7,8.6,24
0.05,546,8.93,1.23,67
0.03,260,3.88,4.33,22
0.38,774,2.88,3.97,109
0.81,396,7.25,9.38,86
0.99,216,8.36,1.53,38
0.15,550,8.62,0.1,72
0.59,638,3.16,2.38,61
0.38,425,8.52,8.2,84
0.97,803,0.41,2.09,54
0.84,389,0.5,2.41,35
0.84,153,6.24,1.3,16
0.47,34,0.63,7.15,3
0.41,831,3.25,0.69,143
0.27,677,6.73,3.31,98
0.06,82,3.37,2.82,3
0.86,641,1.8,5.55,47
0.81,833,2.81,7.3,77
1.0,842,4.58,5.33,213
1.0,102,4.75,9.31,27
0.56,514,7.83,9.51,91
0.77,607,7.5,3.61,120
0.94,345,4.57,7.78,88
0.85,434,8.46,7.39,105
0.25,508,1.14,8.93,48
0.45,373,2.55,4.48,81
0.13,956,8.28,5.3,85
0.95,639,3.78,4.16,177
0.61,754,9.81,8.5,200
0.23,208,4.66,2.3,35
0.67,727,7.92,2.4,84
0.62,422,4.02,3.73,39
0.36,348,4.25,2.3,18
0.11,668,3.83,5.61,76
0.67,971,7.19,1.34,165
0.52,946,5.48,3.2,183
0.77,438,9.44,9.13,81
0.52,792,2.51,4.09,89
0.85,908,1.01,7.48,161
0.55,148,3.93,1.13,22
0.56,702,6.17,2.48,87
0.88,951,8.61,8.07,221
0.4,551,3.46,7.63,79
0.13,66,6.54,3.86,10
0.03,241,3.5,9.54,52
0.76,667,6.17,9.11,107
0.62,444,8.85,9.62,98
0.7,393,2.31,4.28,18
0.21,569,4.04,1.97,64
0.14,203,9.93,6.27,56
0.01,745,8.69,6.85,96
0.35,657,5.65,1.25,78
0.59,543,5.17,7.86,129
0.39,527,2.85,0.18,54
0.44,725,5.17,4.83,135
0.9,760,8.48,3.31,111
0.35,194,6.85,7.4,45
0.51,881,2.9,3.13,80
0.78,301,2.01,8.27,62
0.4,344,2.65,5.95,49
0.62,741,1.7,7.94,70
0.86,125,0.96,9.89,21
0.95,834,4.19,6.79,183
0.15,58,1.13,9.85,6
0.93,694,1.72,0.29,57
0.49,91,5.47,3.38,7
0.26,843,1.65,1.08,64
0.46,342,0.64,2.62,19
0.98,566,3.17,8.39,128
0.49,344,2.2,0.32,30
0.33,541,5.15,5.2,68
0.63,969,1.02,5.67,59
0.24,230,7.52,5.61,29
0.08,644,9.06,4.75,104
0.13,755,7.43,7.91,182
0.13,742,5.33,1.34,9
0.15,332,8.61,3.11,38
0.14,860,6.95,6.16,186
0.64,12,0.11,6.91,2
0.18,703,3.94,4.04,42
0.35,215,8.51,8.75,39
0.9,841,3.46,4.15,176
0.47,49,0.35,4.03,3
0.67,68,7.46,0.36,7
0.17,960,8.02,5.51,227
0.19,583,1.61,7.09,76
0.04,653,5.37,1.14,85
0.17,516,1.92,3.05,13
0.28,581,7.19,7.81,127
0.18,893,2.72,3.66,133
0.09,852,3.16,2.42,92
0.12,131,8.45,6.72,32
0.46,488,4.76,1.97,90
0.21,628,6.7,8.96,139
0.36,105,4.02,1.06,6
0.5,868,2.98,7.07,160
0.69,423,6.25,5.0,52
0.04,244,1.55,8.7,25
0.8,907,3.73,1.26,125
0.63,71,2.09,6.78,0
0.08,265,6.96,5.72,47
0.87,570,9.44,4.8,141
0.92,914,9.96,4.91,172
0.06,357,4.5,7.22,57
0.28,680,2.53,9.38,106
0.81,133,4.43,0.91,16
0.75,491,8.47,0.2,111
0.18,326,2.06,8.06,54
0.21,513,9.52,1.08,101
0.37,728,3.42,9.87,85
0.48,57,9.86,6.19,13
0.62,418,8.39,6.51,117
0.37,941,8.09,1.99,140
0.46,145,3.18,2.4,25
0.75,210,0.09,6.59,29
0.04,259,3.82,9.1,61
0.25,323,3.02,9.82,33
0.71,878,0.37,1.98,47
0.9,377,5.05,1.34,49
0.51,438,4.03,0.56,53
0.53,839,6.35,8.68,144
0.11,816,6.21,2.95,39
0.45,489,1.21,0.02,29
0.53,323,9.77,2.24,57
0.24,509,1.87,3.4,26
0.27,730,4.45,9.91,106
0.38,364,4.88,5.24,55
0.02,494,8.13,2.05,44
0.32,220,0.99,3.35,12
0.21,713,4.29,3.3,47
0.33,53,6.29,0.2,4
0.12,550,2.15,1.35,38
0.89,580,6.27,6.95,140
0.59,592,9.24,1.2,98
0.68,101,9.98,2.31,26
0.79,274,0.32,3.51,8
0.5,904,2.36,7.58,54
0.09,229,3.1,5.82,10
0.54,911,3.99,6.89,93
0.59,934,2.42,5.67,53
0.75,451,2.03,6.84,107
0.43,410,9.55,0.03,36
0.13,409,9.19,9.31,116
0.28,736,0.47,1.11,23
0.36,908,3.39,4.06,110
0.65,798,4.05,7.71,100
0.57,585,2.39,4.35,73
0.36,867,6.29,9.47,140
0.99,813,6.4,4.68,194
0.61,499,8.51,8.75,148
0.24,494,7.41,8.11,98
0.1,766,5.43,9.81,139
0.15,479,6.54,9.27,105
0.25,583,2.74,8.98,95
0.16,947,5.93,7.32,210
0.19,853,4.89,3.67,144
0.29,691,1.33,1.06,30
0.17,454,2.43,6.89,41
0.9,278,2.92,9.79,63
0.08,276,9.24,7.27,57
0.52,63,2.3,9.29,10
0.41,537,2.89,8.04,92
0.98,529,3.69,1.63,90
0.11,625,6.64,2.49,89
0.4,68,1.18,3.42,3
0.97,834,9.54,1.68,249
0.87,49,8.66,5.82,15
0.82,246,5.77,9.75,43
0.26,964,6.74,7.61,139
0.17,395,0.17,4.23,6
0.67,615,3.39,0.05,78
0.93,743,7.96,3.13,215
0.56,725,0.77,5.27,49
0.57,659,2.82,3.24,74
0.28,309,5.85,1.11,23
0.77,404,2.56,4.43,83
0.19,216,9.34,2.53,47
0.32,345,1.31,9.09,29
0.43,602,7.97,1.02,28
0.51,739,5.08,0.49,117
0.24,523,7.5,0.05,50
0.11,187,3.11,3.28,24
0.61,405,5.14,6.6,76
0.29,380,8.57,7.3,47
0.58,867,4.67,4.53,90
0.15,800,3.6,6.84,90
0.48,667,5.36,3.6,71
0.53,327,7.17,6.68,68
0.05,745,4.44,0.41,69
0.34,378,9.39,3.91,108
0.13,393,2.95,7.91,60
0.06,71,4.75,8.03,16
0.99,815,7.57,7.16,172
0.32,514,6.89,2.04,102
0.81,248,8.64,2.47,44
0.25,204,9.97,9.96,44
0.68,687,4.27,1.03,41
0.76,972,1.11,1.81,0
0.6,231,0.3,1.3,21
0.47,70,7.27,3.28,7
0.41,138,8.74,2.1,34
0.35,999,2.21,4.98,92
0.93,694,1.58,4.76,28
0.83,165,0.62,9.02,14
0.97,926,8.23,0.35,171
0.12,387,3.11,3.2,0
0.73,631,4.02,5.97,117
0.94,790,5.03,6.05,85
0.18,932,8.39,4.8,136
0.07,877,6.51,8.16,169
0.74,912,6.15,0.63,145
0.57,799,1.76,8.15,141
0.84,595,5.13,4.95,61
0.14,446,7.15,1.34,50
0.8,984,9.73,8.86,324
0.2,216,2.01,6.49,19
0.16,397,0.1,1.64,16
0.16,489,0.75,0.34,15
0.81,800,3.76,1.41,141
0.67,896,8.21,6.09,174
0.52,847,0.07,1.79,0
0.36,993,4.57,2.26,60
0.88,349,3.29,0.25,37
0.39,878,0.52,7.23,19
0.82,349,4.5,8.1,57
0.44,213,2.55,7.97,31
0.38,170,3.52,1.28,8
0.46,549,7.06,9.03,129
0.3,401,5.22,6.72,79
0.75,778,1.25,8.98,131
0.5,686,9.61,4.47,94
0.23,584,6.36,4.37,90
0.9,543,7.66,7.85,134
0.38,79,0.79,0.93,2
0.54,902,0.47,5.21,92
0.91,414,0.19,8.36,60
0.62,617,1.89,8.3,85
0.12,684,4.14,9.56,78
0.94,600,9.36,6.98,154
0.63,526,4.57,2.08,113
0.33,837,2.9,0.2,36
0.14,129,5.62,4.79,25
0.79,823,1.12,5.14,90
0.62,699,6.1,2.4,74
0.53,697,5.68,1.25,76
0.89,911,7.92,5.86,201
0.79,226,9.87,7.64,67
0.15,65,2.51,9.93,17
0.31,375,5.1,7.58,64
0.25,708,9.09,7.94,118
0.74,513,7.85,6.16,69
0.03,753,4.87,9.86,115
0.57,776,9.45,6.4,138
0.76,934,0.57,8.6,150
0.88,464,9.31,9.46,142
0.34,113,0.51,9.3,12
0.82,86,5.47,3.81,17
0.11,239,8.9,0.79,36
0.85,923,2.63,1.72,178
0.13,267,4.72,0.59,31
0.4,273,3.24,1.05,34
0.8,340,9.52,1.85,44
0.15,191,8.24,3.41,20
0.23,902,7.09,5.44,177
0.72,777,5.88,7.12,92
0.72,559,8.21,2.11,83
0.64,697,3.92,6.73,151
0.69,36,4.48,7.04,5
0.54,285,7.3,5.59,38
0.25,661,3.58,9.04,126
0.35,308,0.64,1.11,44
0.18,966,0.74,1.77,0
0.91,808,1.15,4.29,135
0.58,100,8.7,1.27,13
0.4,489,4.72,5.66,69
0.46,582,7.13,3.98,97
0.95,467,3.93,2.85,45
0.15,460,2.59,1.7,49
0.59,374,3.47,3.35,14
0.51,868,7.94,6.08,187
0.61,684,6.25,5.76,161
0.02,360,9.38,1.64,71
0.87,664,6.8,1.25,121
0.93,409,5.7,0.27,88
0.57,262,6.1,0.12,29
0.7,790,9.42,8.8,149
0.92,890,7.88,0.45,156
0.71,812,0.24,7.31,86
0.15,468,5.34,8.72,32
0.58,708,6.88,0.98,61
0.61,926,7.49,4.36,115
0.42,508,2.13,9.62,55
0.74,959,8.67,8.34,223
0.93,980,9.56,4.9,219
0.93,935,2.37,7.63,112
0.45,517,8.83,8.33,91
0.11,313,0.97,3.48,23
0.98,510,0.56,8.92,78
0.84,812,1.29,4.7,94
0.12,607,0.58,5.28,95
0.92,175,8.45,10.0,49
0.87,424,0.59,8.43,50
0.52,471,2.72,3.62,46
0.59,929,1.04,0.1,47
0.4,123,2.95,6.26,19
0.05,442,0.91,7.04,37
0.34,365,6.68,6.51,31
0.8,937,1.33,9.68,126
0.0,704,8.52,8.63,151
0.33,216,8.17,4.49,54
0.4,777,0.14,0.63,0
0.54,244,8.96,4.76,31
0.92,451,0.29,6.89,55
0.35,364,2.4,6.08,57
0.35,524,0.32,5.38,30
0.74,217,3.36,4.69,55
0.45,718,5.14,2.94,170
0.22,862,7.97,2.77,133
0.45,134,3.38,5.0,18
0.14,147,7.05,1.61,29
0.18,348,1.88,3.41,23
0.5,546,7.51,3.24,71
0.42,77,2.36,5.87,12
0.91,582,1.44,0.67,56
0.36,550,1.85,8.3,49
0.58,392,1.82,5.62,50
0.63,28,5.13,6.71,5
0.01,692,8.45,7.03,123
0.66,459,0.8,2.91,16
0.18,83,7.07,4.7,14
0.96,582,6.54,9.56,133
0.15,948,8.73,7.67,217
0.41,674,2.44,9.7,131
0.09,285,4.5,7.46,45
1.0,57,9.26,1.76,12
0.5,220,6.6,0.65,23
0.6,864,3.89,5.78,177
0.07,929,1.31,3.58,15
0.75,660,2.62,2.75,16
0.21,631,5.81,8.07,79
0.9,704,7.18,3.67,170
0.21,549,1.24,3.17,46
0.19,718,6.0,8.5,180
0.04,200,5.5,8.46,21
0.47,324,5.14,3.56,82
0.56,910,6.9,8.32,183
0.07,572,8.37,8.51,72
0.78,670,3.23,4.24,161
0.45,789,8.89,0.66,77
0.52,571,1.61,0.02,17
0.44,909,1.73,5.23,82
0.4,767,2.67,3.44,89
0.56,122,1.2,9.97,13
0.16,179,2.3,7.72,31
0.18,477,1.06,7.61,66
0.86,687,8.22,9.55,181
0.95,930,1.39,8.88,208
0.37,23,7.47,3.18,4
0.27,724,0.48,1.66,17
0.64,297,9.49,7.46,104
0.41,916,7.11,3.78,165
0.03,198,0.07,4.73,0
0.16,923,7.64,6.3,132
0.72,164,5.14,9.08,34
0.66,576,7.79,4.19,41
0.03,703,5.22,7.83,89
0.22,731,6.41,2.68,94
0.23,897,7.86,6.98,171
0.67,480,4.05,0.02,15
0.02,84,0.03,8.72,6
0.1,286,8.5,0.3,56
0.8,949,3.81,7.13,206
0.18,654,4.96,0.46,61
0.65,352,0.08,2.66,20
0.24,434,4.92,4.97,55
0.1,580,9.86,4.2,120
0.24,520,2.78,1.92,41
0.72,866,3.95,3.34,125
0.86,191,6.87,7.28,47
0.83,467,8.15,6.69,79
0.4,927,4.17,0.72,69
0.67,860,3.1,7.47,142
0.2,842,9.38,0.53,91
0.29,73,6.77,5.43,10
0.9,848,1.19,2.6,66
0.01,269,0.69,5.88,16
0.09,202,4.84,2.61,23
0.21,664,2.2,9.85,66
0.03,625,2.54,3.1,74
0.18,981,8.78,2.42,153
0.58,415,0.9,2.78,32
0.42,735,7.15,8.96,147
0.89,763,2.71,6.36,123
0.82,952,7.6,7.31,297
0.34,730,7.22,9.18,145
0.26,102,0.07,9.12,8
0.38,439,5.09,7.39,56
0.59,663,1.39,1.98,45
0.27,443,8.66,8.43,99
0.62,413,8.72,2.04,76
0.41,443,4.18,7.43,80
0.55,121,4.44,6.86,22
0.44,938,3.03,7.59,133
0.29,384,7.17,5.33,105
0.95,68,3.59,6.39,14
0.76,52,2.68,9.53,6
0.14,216,4.32,1.01,1
0.87,789,0.91,3.09,42
0.49,305,7.47,6.11,63
0.89,127,0.13,9.64,13
0.8,541,6.44,0.96,62
0.43,231,1.83,0.23,12
0.02,175,2.32,0.56,4
0.27,652,6.36,0.52,8
0.54,165,9.93,9.08,53
0.63,193,7.78,7.21,51
0.26,99,2.26,6.77,5
0.14,103,1.76,5.23,9
0.83,22,8.66,7.82,4
0.98,982,4.44,1.56,99
0.53,843,1.37,3.92,93
0.17,814,8.62,4.9,185
0.27,954,8.16,1.1,178
0.02,751,9.84,4.2,152
0.91,843,9.1,3.17,234
0.12,813,8.52,0.36,87
0.58,447,0.53,1.37,14
0.27,547,1.04,7.64,0
0.55,596,5.69,0.18,66
0.65,977,5.31,9.34,229
0.83,885,4.58,0.86,118
0.21,945,3.97,7.99,112
0.01,820,4.31,8.99,162
0.14,159,5.69,9.41,29
0.9,669,0.02,8.67,114
0.87,17,2.61,2.88,2
0.6,38,5.18,3.33,8
0.6,305,7.22,4.27,60
0.67,995,1.74,1.39,104
0.18,935,5.47,0.22,84
0.91,730,7.14,8.69,157
0.42,649,4.45,5.54,109
0.38,349,0.27,6.09,56
0.52,637,4.49,9.27,99
0.05,448,2.96,6.65,45
0.17,153,9.3,6.91,33
0.74,951,1.25,7.87,160
0.08,839,6.52,1.16,110
0.6,756,0.53,3.6,90
0.25,528,4.46,9.68,145
0.39,985,5.54,9.23,161
0.29,54,2.98,8.84,10
0.36,964,4.55,4.52,142
0.72,248,1.64,8.57,37
0.3,961,3.04,0.48,92
0.57,953,6.21,1.49,117
0.48,164,3.02,4.14,21
0.66,190,9.0,4.83,29
0.94,224,6.28,2.64,32
0.73,97,4.39,3.56,18
0.21,265,0.39,1.63,22
0.03,520,5.0,4.89,72
0.26,82,7.65,7.94,15
0.6,940,2.66,6.61,167
0.05,188,8.07,1.08,37
0.5,221,2.52,4.88,20
0.6,814,8.24,6.98,123
0.33,243,0.85,5.3,25
0.77,474,8.66,3.92,120
0.11,760,4.99,6.22,131
0.08,232,2.97,9.69,52
0.73,640,2.65,0.95,105
0.5,834,4.32,3.9,95
0.69,273,9.99,4.07,64
0.43,216,2.2,5.77,19
0.25,616,1.03,1.52,0
0.82,894,5.85,1.77,88
0.8,743,4.89,2.85,132
0.69,375,5.24,9.56,84
0.27,285,6.67,7.34,66
0.59,389,2.67,6.62,102
0.36,752,9.11,8.17,196
0.09,318,4.36,1.28,14
0.92,640,1.29,8.59,130
0.14,277,7.42,5.95,38
0.95,954,6.43,3.35,253
0.45,794,3.16,8.16,42
0.19,73,6.22,8.03,11
0.54,819,2.2,8.46,144
0.87,359,4.45,1.16,65
0.73,934,8.99,9.69,219
0.81,924,1.34,9.6,105
0.66,503,3.87,3.57,67
0.69,532,8.21,0.66,138
0.85,107,9.69,1.67,14
0.25,955,4.54,9.93,157
0.49,80,5.07,5.63,14
0.22,373,5.72,3.57,35
0.99,579,9.32,2.88,103
0.94,811,8.58,2.57,154
0.04,772,1.71,6.64,84
0.71,285,4.37,4.19,38
0.93,59,4.64,9.65,17
0.18,367,7.89,6.84,83
0.57,737,6.03,7.92,160
0.92,915,6.54,2.93,206
0.03,937,9.98,0.79,168
0.7,573,0.75,4.88,42
0.3,792,2.23,3.15,53
0.92,494,4.08,2.02,35
0.97,93,3.48,9.53,28
0.94,908,0.22,4.44,128
0.47,814,0.92,1.75,0
0.86,647,6.81,1.99,150
0.84,817,8.79,2.81,105
0.32,593,5.14,9.99,130
0.83,305,5.39,2.68,12
0.04,245,2.55,3.29,13
0.6,65,7.68,6.59,18
0.23,928,7.52,2.94,207
0.12,369,5.88,2.16,48
0.08,916,2.13,1.59,83
0.7,119,0.97,3.13,1
0.34,201,0.64,1.06,13
0.72,913,5.93,0.19,155
0.07,102,8.25,8.05,34
0.32,871,8.58,1.38,111
0.54,577,4.64,7.76,101
0.79,69,7.84,7.98,17
0.32,659,9.47,5.38,163
0.63,48,2.75,3.1,7
0.89,549,3.98,1.45,94
0.62,58,9.31,7.37,17
0.23,429,3.38,6.01,21
0.02,646,9.14,6.55,47
0.87,22,9.81,0.09,4
0.02,45,6.62,9.28,9
0.87,110,8.17,0.66,16
0.53,803,7.5,3.67,123
0.94,95,7.0,4.03,17
0.8,525,3.07,0.01,60
1.0,232,0.57,4.97,13
0.35,347,3.43,7.53,49
0.77,969,6.67,8.23,211
0.4,175,1.03,8.79,26
0.48,392,0.12,4.88,52
0.63,865,1.4,6.31,173
0.87,904,7.16,0.8,110
0.98,385,9.73,4.88,55
0.77,480,9.83,1.55,91
0.42,799,4.94,3.7,42
0.42,651,8.69,3.29,209
0.74,40,7.37,4.24,6
0.24,384,5.01,5.72,66
0.11,20,5.73,9.03,5
0.35,997,1.37,3.94,94
0.29,311,9.38,9.81,111
0.3,105,3.52,7.59,14
0.23,199,4.46,5.11,17
0.04,462,6.72,6.44,57
0.02,201,3.34,1.02,20
0.99,495,2.54,8.45,80
0.43,275,6.31,5.82,36
0.38,433,0.25,9.86,62
0.68,137,7.21,6.36,33
0.22,247,5.14,8.34,46
0.95,929,6.06,8.0,245
0.79,364,6.32,3.45,63
0.09,949,5.27,2.6,76
0.42,121,5.83,4.3,23
0.88,837,6.84,4.67,125
0.94,455,7.53,2.4,58
0.47,352,7.27,8.95,99
0.61,154,8.7,5.43,30
0.17,74,1.89,9.78,16
0.99,256,4.01,8.1,60
0.23,744,9.48,5.56,140
0.94,499,3.97,9.47,113
0.65,834,1.25,5.05,190
0.61,448,5.25,8.87,106
0.51,115,1.09,3.58,12
0.23,190,2.03,3.79,10
0.18,193,9.98,4.18,57
0.22,235,5.41,5.47,50
0.19,786,2.84,5.53,61
0.78,799,9.95,4.96,265
0.35,918,9.67,3.06,185
0.06,98,4.41,9.27,12
0.97,697,2.6,5.89,81
0.88,539,8.38,4.08,137
0.93,380,7.16,6.51,67
0.99,981,6.87,7.68,171
0.17,945,8.93,9.61,205
0.4,922,6.89,5.0,146
0.76,408,2.84,1.12,24
0.7,115,6.94,4.41,18
0.15,280,3.06,4.79,41
0.82,984,7.59,8.97,253
0.22,840,6.2,3.95,99
0.22,512,0.77,9.53,49
0.54,688,5.13,4.85,100
0.59,534,3.43,9.74,93
0.58,858,3.29,0.08,65
0.09,41,6.02,8.99,9
0.88,402,3.22,9.31,79
0.27,49,7.77,9.61,12
0.13,669,0.71,0.13,60
0.89,227,6.6,1.72,58
0.96,740,8.09,6.54,128
0.86,990,6.73,0.25,67
0.81,91,4.97,0.64,9
0.66,854,9.5,2.21,202
0.55,729,3.0,5.12,104
0.09,210,0.19,5.46,24
0.41,456,4.32,0.34,32
0.37,853,0.33,1.7,0
0.26,437,9.54,5.0,60
0.72,47,2.1,5.94,7
0.5,220,7.89,1.48,46
0.08,453,7.75,3.99,29
0.22,336,2.18,9.04,69
0.68,770,6.21,9.99,193
0.08,236,0.48,9.87,25
0.85,57,4.84,8.82,10
0.5,27,0.15,3.95,4
0.48,921,9.21,6.87,254
0.59,448,9.76,4.17,108
0.82,816,2.22,6.49,84
0.35,717,2.08,3.09,115
0.68,196,7.54,6.06,41
0.57,354,2.53,5.24,47
0.27,233,8.95,0.24,36
0.88,839,5.74,7.91,143
0.8,497,3.51,0.12,55
0.66,918,8.33,2.93,204
0.85,886,4.93,0.06,84
0.87,858,9.12,3.76,197
0.71,238,9.28,0.63,44
0.84,399,1.65,9.14,81
0.7,988,0.02,4.16,61
0.68,598,9.84,4.59,143
0.62,197,9.06,3.5,44
0.75,867,0.55,6.28,80
0.16,279,8.33,7.84,47
0.88,616,4.58,6.48,89
0.87,319,2.59,7.48,57
0.03,141,8.79,9.06,30
0.83,560,1.97,8.64,81
0.13,81,9.47,6.74,20
0.34,802,2.06,2.15,96
0.74,854,6.14,6.38,216
0.16,681,2.23,5.06,42
0.82,196,5.46,7.17,47
0.83,495,6.84,8.33,164
0.51,200,1.9,7.43,27
0.01,431,5.21,8.47,69
0.29,129,4.69,0.64,10
0.62,229,0.71,0.32,0
0.98,62,8.18,2.59,15
0.63,743,3.36,9.01,125
0.26,460,5.75,8.24,80
0.63,421,5.15,6.83,89
0.54,652,5.13,7.01,139
0.78,246,1.07,7.27,24
0.11,767,4.23,9.43,103
0.76,747,4.52,8.32,118
0.54,729,7.34,6.23,222
0.96,415,8.4,6.66,130
0.34,617,5.45,2.14,96
0.63,431,0.87,6.57,39
0.93,721,2.37,4.25,80
0.1,256,1.65,1.53,16
0.94,81,1.25,8.06,21
0.69,839,3.66,5.1,130
0.07,194,2.29,9.77,31
0.3,15,2.18,2.82,0
0.71,215,0.55,4.81,22
0.07,553,0.18,4.48,0
0.58,620,1.03,1.21,20
0.35,915,1.72,4.26,81
0.62,396,4.31,2.88,43
0.05,777,5.11,1.6,49
0.87,708,1.41,2.82,44
0.97,85,4.25,2.33,11
0.97,186,3.42,7.34,30
0.75,836,1.83,0.31,58
0.13,808,0.07,6.17,54
0.76,358,4.67,7.61,89
0.02,264,6.86,4.81,13
0.02,846,2.26,9.32,119
0.32,711,1.32,7.08,78
0.49,317,8.87,7.48,72
0.77,354,2.75,1.97,23
0.68,136,2.24,7.77,19
0.45,946,8.57,8.32,144
0.27,296,8.17,3.61,54
1.0,775,4.48,2.13,122
0.43,734,4.89,3.85,72
0.45,771,2.18,7.4,174
0.16,605,0.78,4.18,34
0.79,496,5.73,7.37,100
0.69,392,0.98,1.14,50
0.22,415,4.49,8.06,110
0.08,397,9.4,2.53,45
0.68,534,9.53,2.49,92
0.65,566,2.39,5.9,69
0.27,648,6.24,0.7,50
0.95,947,4.74,0.26,155
0.15,635,8.76,2.61,78
0.43,954,2.71,5.38,171
0.94,285,0.04,9.08,48
0.42,509,1.63,8.46,96
0.64,726,3.5,4.9,66
0.4,346,3.16,0.37,18
0.27,959,7.91,5.35,221
0.98,941,6.81,7.05,242
0.41,490,3.0,3.39,42
0.89,906,4.58,1.11,106
0.23,920,0.96,2.79,29
0.21,982,8.98,7.72,210
0.03,282,9.35,3.51,36
0.65,929,9.8,8.12,190
0.37,67,8.69,3.2,15
0.86,337,1.74,1.64,25
0.47,740,0.46,4.36,97
0.97,118,5.8,4.52,25
0.19,288,9.13,0.16,47
0.87,695,1.77,1.17,32
0.78,337,0.07,1.85,0
0.77,785,8.05,1.14,116
0.84,324,0.77,3.42,53
0.76,483,4.14,9.65,116
0.63,120,6.79,5.09,19
0.13,708,2.37,6.28,58
0.03,790,0.84,3.56,3
0.92,944,7.7,3.23,110
0.62,238,6.3,0.23,32
0.8,506,9.88,5.0,164
0.48,165,3.44,4.84,35
0.12,482,0.62,1.58,30
0.13,710,7.34,7.64,116
0.69,281,5.22,4.93,25
0.43,896,2.13,3.39,125
0.2,11,7.82,1.47,2
0.49,767,2.04,5.52,72
0.06,731,2.61,7.53,68
0.58,520,0.93,2.82,53
0.27,922,3.99,2.19,50
0.8,295,4.19,5.22,49
0.31,880,5.15,1.55,42
0.46,22,7.09,6.67,7
0.01,617,9.06,6.05,100
0.07,507,1.38,0.87,33
0.39,742,0.54,0.37,0
0.48,247,0.19,6.2,20
0.6,103,1.44,2.94,13
0.29,347,6.58,0.86,61
0.69,790,7.27,7.59,204
0.86,180,7.87,3.14,33
0.78,990,2.44,4.6,87
0.04,615,3.06,2.37,11
0.48,670,4.83,6.27,157
0.1,633,0.63,3.01,32
0.24,576,6.11,9.68,124
0.99,858,9.84,7.03,279
0.14,945,3.61,1.37,98
0.5,476,7.53,4.17,82
0.62,637,5.0,3.85,116
0.7,152,1.28,5.34,12
0.56,210,5.82,8.42,26
0.01,189,3.0,5.83,33
0.33,723,0.34,0.62,1
0.52,373,6.35,6.55,64
0.09,488,8.59,0.08,60
0.35,574,3.45,7.8,67
0.03,480,3.9,6.67,87
0.08,393,8.91,3.09,74
0.4,701,8.14,2.92,109
0.13,935,7.15,7.98,121
0.57,426,2.49,7.83,68
0.69,834,9.1,3.52,70
0.8,317,1.54,2.99,33
0.2,658,6.27,5.6,149
0.17,703,0.29,0.08,12
0.1,376,6.44,0.83,64
0.64,10,2.77,1.26,0
0.71,53,4.5,1.85,12
0.03,748,3.45,5.12,119
0.94,852,1.73,9.92,167
0.05,107,6.22,6.53,14
0.54,729,8.82,0.61,93
0.71,274,9.59,5.26,63
0.87,809,1.92,4.97,147
0.71,792,7.17,1.44,73
0.8,149,6.64,9.2,35
0.34,490,3.43,4.41,73
0.81,246,0.19,9.95,47
0.08,983,6.9,4.2,183
0.89,962,9.45,6.08,170
0.55,913,6.32,1.05,173
0.82,81,4.35,4.54,13
0.45,676,5.25,2.39,48
0.64,199,2.0,8.36,29
0.53,277,7.51,7.84,33
0.73,330,7.46,8.24,86
0.08,116,1.46,7.24,11
0.06,241,8.78,8.33,37
0.25,51,2.69,2.01,3
0.16,711,9.82,4.52,117
0.87,892,3.83,6.92,123
0.22,148,1.78,6.37,0
0.98,624,3.52,7.16,56
0.34,692,4.4,2.24,65
0.18,872,0.69,0.98,8
0.79,282,5.78,9.17,75
0.66,490,5.98,5.6,72
0.5,425,7.39,1.54,53
0.56,515,0.29,7.93,45
0.72,742,5.41,9.15,148
0.23,734,0.53,1.7,30
1.0,862,7.01,8.17,187
0.97,433,0.56,9.33,77
0.65,416,9.12,9.38,157
0.2,577,7.02,9.14,95
0.68,399,5.07,5.46,74
0.07,351,4.42,3.56,37
0.03,955,1.31,0.07,71
0.26,623,2.91,0.61,45
0.46,942,8.69,4.29,151
0.87,502,9.04,3.99,81
0.73,201,0.01,1.85,17
0.74,508,5.94,3.95,57
0.43,831,7.19,1.75,171
0.35,721,6.19,8.49,161
0.37,242,0.82,2.98,16
0.99,954,2.18,5.99,73
0.04,236,2.5,5.03,29
0.87,380,8.32,0.52,97
0.58,148,4.63,9.42,25
0.44,865,4.87,5.27,96
0.73,826,9.35,3.25,169
0.49,158,6.37,1.58,25
0.87,124,8.99,3.39,23
0.9,459,4.57,0.21,74
0.42,72,1.49,3.64,13
0.28,113,9.3,5.31,25
0.59,860,4.59,8.72,146
0.91,880,1.82,6.87,144
0.21,677,3.02,1.12,85
0.62,282,0.51,1.48,17
0.63,15,4.68,4.28,3
0.73,156,8.53,1.96,34
0.13,193,9.34,0.28,20
0.72,37,9.33,8.05,10
0.91,971,1.25,0.2,0
0.18,559,3.82,8.31,65
0.24,128,0.28,1.44,11
0.97,302,8.55,9.75,96
0.18,380,3.59,6.04,42
0.85,253,6.31,7.35,75
0.49,589,7.15,1.1,46
0.25,735,4.3,8.62,112
0.87,227,3.06,8.39,42
0.45,186,9.62,6.53,17
0.51,308,9.64,5.02,65
0.36,685,2.89,7.21,53
0.59,67,4.8,0.06,3
0.16,278,9.73,5.92,55
0.39,317,0.05,8.47,4
0.97,579,4.13,3.57,61
0.26,297,1.0,1.08,0
0.66,986,5.09,4.21,155
0.33,114,0.25,7.27,11
0.77,237,4.07,1.07,22
0.13,256,2.21,2.06,28
0.97,709,5.33,1.48,91
0.45,503,9.96,7.97,126
0.24,92,8.01,0.63,9
0.07,195,8.46,6.87,16
0.17,261,6.35,3.66,35
0.52,364,0.42,7.56,34
0.34,759,2.07,9.64,175
0.83,881,9.25,1.15,198
0.43,705,3.66,3.14,61
0.25,805,1.04,8.1,93
0.62,906,7.02,2.66,189
0.71,947,2.99,2.15,121
0.17,219,2.69,8.25,47
0.17,825,9.98,9.87,179
0.04,817,8.58,5.57,192
0.74,618,4.08,2.78,65
0.66,456,9.8,3.99,105
0.47,469,6.5,1.7,52
0.84,977,7.42,7.62,217
0.81,481,0.32,7.73,64
0.59,729,1.22,8.75,120
0.87,379,6.33,0.27,55
0.21,909,8.99,5.62,70
0.11,943,6.24,2.14,110
0.27,501,1.34,3.41,71
0.06,932,1.16,7.85,88
0.53,146,8.44,1.92,36
0.94,376,1.39,6.38,47
0.04,921,5.2,6.55,62
0.12,193,0.37,9.54,16
0.45,597,0.81,7.75,50
0.93,296,6.72,8.04,64
0.32,481,6.89,5.32,54
0.51,384,3.41,1.87,36
0.04,663,2.16,4.26,40
0.15,758,8.14,5.49,189
0.99,546,2.17,6.78,49
0.97,520,5.42,6.08,105
0.0,811,9.68,3.94,166
0.95,588,1.48,2.65,79
0.64,259,9.41,1.68,44
0.87,929,1.83,6.94,141
0.45,519,5.67,6.45,99
0.52,639,3.77,6.87,44
0.49,82,9.65,3.73,16
0.67,291,2.74,2.62,29
0.14,925,4.0,7.6,136
0.03,969,9.83,7.74,223
0.31,369,5.36,4.56,60
0.7,19,5.03,6.12,5
0.2,220,2.58,3.74,12
0.67,844,7.01,7.02,192
0.97,161,0.14,8.36,32
0.09,14,0.5,6.88,0
0.67,204,5.99,5.13,38
0.44,963,3.42,4.59,34
0.87,292,9.53,6.42,105
0.18,473,9.03,6.8,113
0.69,122,7.14,5.59,26
0.84,280,8.18,6.25,37
0.94,172,6.67,0.97,23
0.68,469,1.26,9.52,58
0.5,114,7.66,7.91,35
0.62,702,2.1,3.74,96
0.87,565,3.23,5.63,37
0.57,291,8.19,0.47,52
0.03,696,5.37,0.41,8
0.93,171,8.6,2.51,20
0.69,992,2.13,6.9,157
0.68,360,6.08,8.52,89
0.22,443,0.84,5.59,45
0.66,861,6.43,5.32,238
0.39,149,7.63,4.02,29
0.65,480,5.85,1.62,70
0.11,141,2.66,1.18,0
0.66,96,0.31,7.61,15
1.0,697,1.19,9.28,54
0.05,192,6.22,4.58,47
0.98,377,9.34,6.59,113
0.41,138,2.07,9.14,39
0.87,255,7.35,0.9,46
0.78,610,8.66,7.7,178
0.57,587,5.21,6.17,91
0.74,679,6.69,5.99,132
0.88,908,8.15,2.93,130
0.4,387,2.61,6.84,21
0.33,158,2.97,7.95,24
0.67,994,0.01,1.13,42
0.81,861,9.63,5.34,159
0.76,442,9.18,1.01,62
0.8,637,7.65,8.73,155
0.44,735,0.79,5.08,22
0.82,478,4.48,8.08,99
0.12,455,1.02,3.68,2
0.54,490,0.16,1.25,27
0.01,893,6.16,0.41,35
0.32,303,9.61,2.82,40
0.37,774,9.03,2.44,47
0.4,152,6.97,5.6,26
0.7,259,0.97,0.22,32
0.39,887,2.74,5.21,162
0.45,957,3.2,3.92,120
0.24,984,7.63,5.77,83
0.37,311,8.02,7.02,78
0.23,34,3.85,6.34,5
0.07,798,4.18,9.85,115
0.6,993,0.45,1.38,110
0.67,898,2.89,4.3,135
0.62,899,4.51,4.25,215
0.46,910,1.17,4.17,11
0.38,79,4.53,6.64,7
0.86,634,8.53,4.9,103
0.52,884,5.81,5.17,133
0.48,121,0.79,4.32,19
0.03,373,1.92,9.92,37
0.34,312,4.75,9.28,47
0.38,480,3.61,3.08,60
0.4,973,3.59,1.12,124
0.58,100,5.29,8.4,8
0.53,539,5.84,9.97,143
0.61,670,7.97,2.93,98
0.76,997,3.41,3.58,119
0.81,748,8.05,9.42,244
0.72,735,3.39,7.11,108
0.96,881,0.55,2.96,8
0.02,672,5.54,5.81,46
0.2,201,5.88,9.44,38
0.01,972,9.35,8.12,199
0.65,561,7.26,7.42,123
0.9,251,9.18,7.37,59
0.24,147,9.08,1.78,34
0.93,354,6.05,8.25,78
0.06,189,5.28,2.76,4
0.93,721,5.57,9.3,190
0.35,512,9.78,3.65,152
0.1,212,7.73,8.58,45
0.49,582,1.06,2.66,46
0.26,201,7.78,5.15,29
0.28,14,1.71,1.07,1
0.31,899,4.47,6.6,156
0.8,246,2.1,8.36,52
0.54,702,6.9,7.18,158
0.31,320,8.77,5.23,93
0.61,558,2.9,0.45,47
0.72,65,0.82,9.33,6
0.27,452,2.98,7.05,34
0.41,246,6.72,7.46,63
0.12,879,3.29,7.95,163
0.18,870,2.78,7.48,38
0.68,206,1.84,4.41,20
0.18,594,4.98,7.34,88
0.53,580,2.76,6.25,54
0.71,761,7.31,8.54,122
0.11,523,0.77,8.02,31
0.57,458,6.64,0.41,39
0.26,369,2.38,3.79,6
0.96,709,4.89,0.35,118
0.48,828,2.86,1.02,76
0.81,39,7.23,6.01,7
0.55,788,9.45,8.74,121
0.04,997,9.17,1.2,136
0.63,117,5.83,4.51,22
0.95,853,4.63,9.11,146
0.6,944,8.18,8.14,167
0.82,611,6.83,5.2,116
0.88,726,1.84,7.72,120
0.23,900,8.21,5.23,78
0.21,977,4.29,1.58,155
0.61,968,1.89,1.25,9
0.41,969,2.82,1.88,59
0.84,454,2.68,3.51,80
0.9,902,5.19,9.31,200
0.35,447,2.34,8.0,84
0.24,741,1.24,4.33,112
0.78,899,1.24,4.93,30
0.27,615,5.83,2.66,106
0.82,466,7.35,7.04,134
0.42,624,3.22,8.03,82
0.67,744,0.35,2.39,36
0.1,707,1.27,0.42,0
0.62,990,9.15,6.24,267
0.45,705,4.94,5.63,18
0.59,504,4.54,4.02,94
0.17,683,0.38,6.44,5
0.74,256,7.29,5.51,69
0.86,552,5.28,2.51,92
0.22,573,2.02,3.98,75
0.1,866,1.1,4.28,21
0.02,597,3.83,8.8,48
0.64,906,8.37,9.61,150
0.61,448,8.65,8.93,136
0.55,287,6.03,7.19,64
0.23,561,7.28,5.85,120
0.39,622,1.15,6.89,75
0.59,120,5.88,9.39,29
0.5,394,6.67,2.5,53
0.99,842,2.01,5.35,128
0.14,770,8.8,6.9,127
0.7,200,1.95,6.79,23
0.4,499,3.13,2.52,122
0.43,703,6.21,5.87,123
0.72,435,6.38,7.96,49
0.69,414,6.99,4.75,69
0.99,344,1.12,7.93,32
0.13,218,8.49,3.6,39
0.1,31,5.33,9.39,4
0.72,687,4.71,5.34,103
0.58,620,9.81,5.96,123
0.27,217,7.4,0.31,30
0.08,17,1.18,1.7,0
0.09,711,7.57,6.33,142
0.89,696,0.95,4.2,138
0.19,794,0.27,5.08,5
0.32,538,4.04,0.63,64
0.23,611,9.94,8.34,74
0.35,662,1.75,7.85,73
0.07,666,6.73,1.85,89
0.52,175,1.73,6.34,14
0.07,858,7.25,8.18,90
0.8,505,5.05,6.41,90
0.23,599,6.8,3.1,132
0.54,438,2.03,6.56,51
0.88,783,7.46,2.1,160
0.65,172,9.96,3.18,46
0.53,375,6.66,2.4,103
0.32,535,4.93,5.57,50
0.33,248,9.23,1.08,29
0.67,81,0.16,9.33,9
0.99,454,7.3,3.34,101
0.66,664,8.89,2.19,48
0.56,831,0.62,4.97,99
0.73,518,4.5,2.77,72
0.47,804,2.05,5.35,65
0.06,278,5.67,3.49,40
0.56,762,6.5,1.32,140
0.96,424,3.03,2.66,73
0.18,254,4.6,4.38,31
0.69,684,2.79,0.3,65
0.2,69,3.69,7.71,11
0.54,15,1.6,6.22,3
0.1,718,8.86,6.01,156
0.45,991,0.1,5.46,110
0.76,579,8.82,5.9,159
0.35,826,5.72,9.35,243
0.66,416,3.32,0.09,23
0.8,226,7.23,0.48,53
0.93,939,5.08,1.91,249
0.23,35,4.99,1.67,3
0.4,824,1.1,1.81,36
0.15,14,3.9,6.72,2
0.99,995,2.41,4.59,164
0.93,541,0.16,9.92,30
0.54,399,3.6,2.27,31
0.84,719,0.9,3.11,52
0.52,580,2.57,9.84,84
0.62,457,0.93,8.32,50
0.09,763,1.01,4.7,32
0.76,155,1.99,5.55,25
0.13,397,10.0,8.43,106
0.83,794,0.02,4.81,139
0.78,258,6.39,2.06,50
0.71,535,1.41,8.28,45
0.04,471,9.21,5.38,87
0.3,22,0.94,1.53,1
0.26,912,9.55,5.06,200
0.36,393,6.11,4.13,81
0.09,565,0.01,8.77,57
0.94,896,8.94,1.26,182
0.55,408,5.22,8.75,79
0.31,28,2.63,5.12,4
0.4,584,7.67,4.04,86
0.45,500,9.27,1.62,52
0.6,760,4.84,7.01,156
0.52,428,3.16,9.27,79
0.92,346,7.89,3.75,93
0.5,428,6.82,2.42,13
0.99,924,8.89,5.55,216
0.85,925,6.93,7.96,214
0.21,621,2.44,0.04,0
0.93,684,9.32,6.31,168
0.12,937,1.05,5.97,132
0.82,131,2.68,3.18,28
0.38,441,5.2,4.51,84
0.88,53,5.66,2.47,7
0.87,881,0.15,7.9,166
0.81,929,7.81,6.35,248
0.79,326,3.62,5.33,40
0.3,390,4.06,3.93,34
0.08,154,8.09,2.91,23
0.4,336,3.79,8.23,36
0.17,372,0.47,4.51,17
0.69,59,1.76,5.01,8
0.35,74,9.56,5.21,20
0.98,364,0.7,4.48,31
0.64,809,3.55,2.56,146
0.82,173,5.03,1.2,28
0.13,150,4.93,0.99,19
0.86,975,0.04,7.57,72
0.92,835,5.01,2.24,195
0.49,137,3.84,0.56,16
0.61,407,9.72,7.98,97
0.76,942,1.59,1.54,49
0.17,889,3.54,6.25,97
0.5,472,4.19,3.39,33
0.4,760,3.91,1.26,107
0.15,845,6.66,4.14,87
0.37,817,2.16,0.15,55
0.07,196,2.21,8.41,19
0.03,729,7.29,5.13,143
0.14,741,5.0,1.39,101
0.96,921,4.15,2.37,94
0.55,199,1.69,4.48,19
0.97,397,1.88,1.89,9
0.43,438,0.11,2.69,59
0.31,867,0.91,5.34,118
0.51,293,5.57,8.33,36
0.44,873,8.92,4.02,133
0.11,246,2.87,7.17,28
0.64,203,3.28,8.77,35
0.22,296,1.16,2.16,5
0.62,780,3.89,8.07,88
0.65,767,0.37,7.57,102
0.15,145,9.18,3.57,39
0.06,801,6.73,9.9,165
0.78,792,9.91,2.63,158
0.46,180,8.83,2.55,29
0.06,168,4.73,7.72,16
0.99,210,5.2,4.35,29
0.06,496,1.91,3.31,60
0.7,566,4.62,1.79,11
0.98,971,9.03,7.65,257
0.24,785,0.51,7.86,78
0.14,592,8.64,5.67,118
0.12,513,3.41,9.57,97
0.3,885,9.0,3.18,164
0.1,380,9.41,2.2,55
0.69,112,6.71,6.77,19
0.06,134,6.64,7.58,33
0.51,322,4.53,2.25,54
1.0,985,8.36,0.77,322
0.81,807,9.62,8.11,203
0.62,467,7.75,9.77,99
0.31,239,6.22,6.45,47
0.62,667,6.07,2.78,114
0.53,891,8.49,9.97,254
0.43,206,5.41,8.93,48
0.13,894,8.04,5.13,188
0.89,742,5.09,8.25,191
0.45,432,0.62,8.16,75
0.19,581,3.84,9.35,129
0.37,619,4.44,8.41,35
0.41,180,1.42,6.44,21
0.83,391,1.02,6.09,28
0.73,182,5.35,4.67,39
0.77,672,0.85,6.26,0
0.01,462,3.03,7.95,92
0.42,359,7.45,9.69,67
0.48,911,9.64,4.67,146
0.02,961,7.18,5.74,177
0.26,643,9.93,4.45,121
0.76,503,6.98,6.68,150
0.14,629,2.94,6.3,115
0.54,13,6.72,0.18,1
0.22,102,7.02,5.41,23
0.01,928,3.72,0.88,35
0.24,15,0.18,0.26,0
0.98,297,7.03,7.91,80
0.8,627,0.22,2.59,89
0.96,155,6.31,3.41,24
0.49,792,1.64,0.64,29
0.11,433,5.66,1.8,53
0.55,899,5.04,7.66,121
0.45,617,0.14,4.94,94
0.84,466,3.63,8.81,65
0.1,750,6.01,3.97,77
0.49,211,8.49,2.69,56
0.15,221,8.89,3.48,41
0.32,15,4.84,7.13,4
0.74,633,7.28,5.55,121
0.48,385,3.16,9.04,111
0.38,900,3.42,6.02,145
0.39,456,1.94,4.93,28
0.46,844,5.62,7.86,124
0.79,115,3.15,9.48,12
0.89,660,0.84,3.56,17
0.96,820,6.85,2.5,117
0.79,410,7.08,6.16,65
0.32,105,3.6,4.99,0
0.69,397,0.77,9.89,74
0.44,968,4.26,4.62,165
0.25,461,4.42,0.74,47
0.84,858,6.69,9.77,157
0.04,818,3.15,8.44,177
0.9,988,6.83,1.78,154
0.46,910,8.71,9.05,184
0.64,425,2.37,3.41,48
0.66,735,9.79,3.77,166
0.9,513,3.86,9.06,35
0.64,463,2.67,5.3,57
0.61,300,4.22,1.38,34
0.07,543,0.94,3.69,19
0.52,202,1.26,7.22,10
0.15,989,4.14,1.74,22
0.74,159,7.62,5.9,38
0.51,889,9.0,6.95,238
0.68,768,6.65,3.44,112
0.04,788,1.05,6.94,84
0.08,982,6.72,8.84,167
0.72,772,6.35,4.72,105
0.07,524,8.06,3.83,91
0.07,402,8.25,2.51,38
0.01,325,8.68,6.04,93
0.96,85,4.14,8.8,11
0.74,608,6.98,3.25,115
0.35,279,2.68,3.96,29
0.3,234,9.99,4.07,49
0.35,539,1.75,5.61,94
0.77,122,0.1,2.28,0
0.66,260,1.49,8.22,41
0.19,242,7.76,2.96,34
0.17,850,4.47,7.05,149
0.1,800,4.48,5.13,101
0.66,723,9.55,5.86,167
0.76,92,9.2,1.8,12
0.27,134,3.11,7.35,13
0.02,184,2.09,1.89,38
0.08,78,8.48,1.13,13
0.97,56,9.06,5.47,16
0.3,893,5.42,7.09,134
0.77,265,6.29,0.5,25
0.62,736,2.57,0.69,85
0.38,39,8.01,8.03,5
0.21,290,6.32,8.09,45
0.12,933,5.04,2.45,82
0.62,246,0.6,6.15,37
0.77,257,9.16,4.43,62
0.64,377,6.15,6.33,62
0.53,504,1.93,8.63,81
0.04,34,6.06,0.8,3
0.97,595,6.77,7.78,167
0.8,727,5.26,4.93,131
0.29,499,7.18,5.64,132
0.98,503,5.81,6.54,94
0.6,323,9.48,9.23,105
0.58,615,0.54,0.57,29
0.75,384,1.06,0.29,8
0.81,648,1.74,1.78,139
0.66,946,6.9,9.86,284
0.13,34,6.46,7.15,6
0.34,343,8.92,6.15,86
0.93,364,7.33,0.47,39
0.22,125,5.08,8.79,15
0.37,57,9.92,8.13,17
0.43,747,2.66,6.65,96
0.44,787,8.33,3.39,136
0.61,108,4.27,0.71,9
0.94,468,6.49,5.8,98
0.24,532,7.27,7.2,96
0.12,606,6.34,0.94,5
0.2,414,1.41,6.34,68
0.89,223,4.43,2.86,30
0.65,694,5.61,7.64,198
0.29,912,8.49,5.4,98
0.82,512,4.44,1.29,16
0.86,730,9.19,5.27,160
0.85,457,4.4,3.96,90
0.92,903,5.49,1.8,77
0.25,585,7.96,8.42,90
0.76,267,5.83,0.11,39
0.46,853,9.6,3.12,156
0.84,130,6.6,0.13,22
0.73,819,5.23,0.96,90
0.78,987,0.24,2.97,90
0.66,63,4.14,0.54,11
0.18,340,2.99,5.97,18
0.55,793,7.48,0.87,165
0.98,250,2.08,7.02,16
0.94,764,2.05,0.53,87
0.04,539,1.9,0.59,58
0.16,492,1.26,3.05,15
0.13,196,3.11,8.97,34
0.73,867,8.86,6.41,181
0.82,665,7.75,7.7,175
0.21,271,7.35,1.42,6
0.51,962,7.97,8.34,228
0.84,373,2.69,0.08,38
0.73,500,8.87,2.13,129
0.54,440,1.37,6.16,68
0.59,248,3.36,3.75,27
0.51,313,5.87,9.84,71
0.3,307,1.03,0.3,0
0.57,85,7.3,9.99,27
0.69,709,3.87,6.24,134
0.87,342,7.84,5.59,42
0.64,909,4.93,0.6,113
0.76,767,1.81,2.73,83
0.16,651,7.35,9.25,112
0.46,483,2.52,3.54,49
0.01,836,4.91,6.62,81
0.25,932,0.76,9.99,50
0.73,292,6.18,2.63,36
0.99,600,6.66,5.76,129
0.1,81,3.79,6.96,14
0.4,272,9.54,1.65,50
0.8,712,8.74,1.49,166
0.2,888,7.08,4.56,173
0.56,896,7.14,3.86,109
0.73,951,2.52,7.14,169
0.62,584,6.57,0.7,99
0.19,901,1.98,9.72,201
0.36,21,1.44,0.14,1
0.78,150,9.99,6.01,28
0.55,775,6.22,5.63,116
0.01,564,4.31,1.35,0
0.76,26,2.88,1.51,3
0.04,72,6.04,7.93,18
0.75,262,0.5,8.88,4
0.2,474,0.95,2.83,65
0.96,385,0.33,4.38,47
0.37,813,4.99,3.55,61
0.33,990,6.01,0.73,125
0.15,529,0.62,6.73,17
0.31,846,7.21,8.25,193
0.88,99,2.3,3.05,11
1.0,729,6.85,9.9,196
0.37,813,9.82,0.76,104
0.45,805,6.91,6.62,124
0.72,639,8.83,4.48,152
0.89,870,9.48,4.47,179
0.59,184,4.87,4.58,29
0.39,85,7.02,2.59,15
0.41,622,8.52,7.16,130
0.7,935,3.57,7.22,204
0.0,672,2.61,2.82,39
0.62,409,9.47,8.35,101
0.36,791,7.26,3.17,100
0.79,979,2.2,7.25,193
0.09,80,4.49,1.21,4
0.59,189,7.96,1.69,43
0.48,133,5.47,3.16,19
0.64,390,6.5,5.94,126
0.06,302,7.54,6.46,45
0.58,806,6.22,3.96,182
0.56,204,5.4,0.78,29
0.56,920,7.5,3.74,140
0.6,237,7.28,6.89,56
0.68,440,6.3,6.71,97
0.8,951,3.6,1.6,89
0.27,445,4.06,0.08,43
0.83,796,9.7,7.53,255
0.5,470,1.12,1.06,37
0.08,627,2.69,0.82,20
0.06,30,4.92,0.03,2
0.33,73,8.37,4.33,13
0.78,174,1.64,5.03,29
0.71,36,2.77,6.38,4
0.79,320,0.66,2.96,32
0.52,294,7.06,7.1,37
0.44,669,2.38,1.69,70
0.15,290,3.89,8.32,54
0.33,847,4.44,5.72,205
0.43,840,8.91,5.84,218
0.09,173,4.11,2.1,12
0.22,907,1.45,0.74,0
0.6,927,5.24,4.65,168
0.74,233,9.63,6.16,53
1.0,793,6.08,0.95,133
0.93,155,9.83,9.51,39
0.64,974,8.41,9.8,241
0.42,959,0.36,5.45,0
0.64,877,6.58,9.5,152
0.79,39,2.87,1.79,2
0.12,54,5.6,0.25,7
0.41,796,2.79,0.39,20
0.84,480,3.49,5.88,107
0.38,43,9.23,0.62,5
0.57,662,2.07,9.59,172
0.59,436,8.74,1.42,34
0.18,839,0.3,3.05,55
0.36,895,0.91,8.23,104
0.33,230,8.55,2.19,24
0.03,877,6.31,2.43,81
0.02,543,7.47,6.42,89
0.83,701,2.09,2.76,79
0.27,957,5.37,2.17,66
0.52,376,7.37,2.54,69
0.3,941,6.27,4.91,154
0.94,850,4.72,9.66,215
0.26,752,9.6,8.32,148
0.43,924,6.76,2.85,121
0.87,559,9.08,3.63,161
0.84,591,7.3,4.65,90
0.19,125,7.35,9.79,19
0.8,248,0.8,1.72,9
0.46,344,3.59,3.57,8
0.48,450,8.58,7.29,139
0.13,157,2.33,9.64,19
0.08,18,1.16,1.56,0
0.73,297,3.26,2.27,43
0.5,397,2.2,2.26,18
0.44,59,9.25,0.21,9
0.73,859,8.68,6.04,163
0.77,526,5.0,6.71,49
0.16,925,0.61,6.03,74
0.61,864,7.15,0.71,169
0.14,647,6.23,0.69,72
0.75,596,9.71,2.1,149
0.66,686,5.59,2.9,62
0.96,287,3.36,7.87,40
0.07,963,5.19,1.59,31
0.06,845,9.79,0.44,146
0.28,998,6.96,3.94,142
0.26,309,6.72,4.16,43
0.25,811,2.41,4.51,103
0.91,598,7.44,8.27,129
0.25,819,7.5,0.98,155
0.27,658,3.17,7.04,94
0.76,627,4.84,3.38,79
0.45,616,2.95,3.1,12
0.78,144,2.59,9.33,29
0.07,589,0.26,2.48,27
0.49,156,2.85,6.43,23
0.03,499,5.54,2.75,65
0.06,487,0.02,5.07,13
0.91,168,2.83,7.86,27
0.14,393,8.81,8.82,80
0.53,172,5.94,8.39,45
0.41,450,6.08,5.82,70
0.35,862,4.03,2.49,62
0.9,198,6.76,6.61,55
0.02,424,1.9,7.1,68
0.66,348,8.19,0.11,59
0.96,616,1.17,4.39,63
0.56,190,6.56,8.43,36
0.94,297,3.41,4.9,43
0.05,843,7.48,3.11,86
0.42,196,5.5,8.72,42
0.26,893,4.52,1.56,160
0.73,147,1.69,2.06,16
0.98,139,6.37,6.87,22
0.26,203,9.75,3.52,44
0.65,325,8.26,7.13,77
0.2,993,0.6,1.58,57
0.57,794,3.76,2.52,55
0.46,873,9.26,1.57,155
0.97,153,5.03,9.53,40
0.61,25,6.62,4.05,3
0.35,311,9.13,3.37,52
0.11,432,8.74,0.14,53
0.15,254,5.02,1.53,38
0.23,936,4.38,4.21,165
0.25,116,3.4,0.69,0
0.85,97,7.19,5.11,24
0.56,138,2.87,4.55,24
0.52,916,2.5,7.67,179
0.11,896,3.56,6.6,88
0.86,350,1.77,4.46,36
0.72,13,6.95,2.25,1
0.07,336,6.16,7.27,21
0.71,419,4.83,7.08,67
0.54,888,3.9,1.53,93
0.08,315,9.09,9.15,76
0.46,917,0.29,0.64,69
0.48,616,7.69,0.55,184
0.17,730,9.02,1.87,104
0.95,234,4.46,9.09,36
0.85,980,5.51,5.2,200
0.67,357,9.44,7.88,95
0.46,330,2.12,2.28,16
0.41,568,5.2,4.9,110
0.65,997,4.75,3.58,99
0.55,190,2.58,8.28,27
0.06,627,8.19,0.23,78
0.51,720,9.0,2.44,99
0.81,395,7.82,1.53,35
0.46,627,1.95,8.59,94
0.05,801,0.87,4.68,105
0.79,781,6.05,4.04,171
0.2,117,0.57,4.49,13
0.26,540,6.73,9.72,92
0.16,419,5.3,8.5,77
0.33,980,6.63,7.06,113
0.76,305,5.9,2.9,50
0.52,827,4.23,1.65,145
0.2,180,2.01,9.21,37
0.88,340,3.06,4.23,79
0.88,502,5.25,2.79,100
0.87,204,6.52,4.71,43
0.24,21,7.79,9.18,6
0.45,204,7.67,3.87,43
0.98,499,9.73,5.63,105
0.77,804,2.86,8.03,69
0.03,890,0.71,4.27,88
0.07,191,3.46,2.34,35
0.46,971,7.43,9.95,272
0.91,826,4.38,9.57,93
0.54,665,8.18,8.43,138
0.5,907,5.49,6.88,151
0.11,325,9.3,2.95,27
0.66,703,9.48,9.13,139
0.82,39,0.69,2.76,3
0.38,605,4.56,8.01,109
0.78,687,6.1,9.18,119
0.96,805,2.56,6.03,61
0.2,802,4.07,8.03,169
0.52,105,6.78,7.92,20
0.29,390,2.27,1.93,22
0.79,787,6.02,6.68,133
0.58,453,6.97,0.93,47
0.63,307,0.9,5.08,49
0.8,817,4.98,1.62,71
0.4,746,2.63,4.16,82
0.92,854,7.24,8.33,204
0.53,370,1.9,9.87,21
0.16,383,8.92,3.18,71
0.7,563,4.31,5.32,43
0.79,312,1.98,5.11,47
0.32,430,4.38,9.54,51
0.86,255,4.09,4.79,45
0.91,729,4.29,6.99,115
0.28,246,5.86,9.22,39
0.98,543,5.21,3.73,95
0.14,194,1.5,9.02,9
0.2,477,0.66,9.17,52
0.18,763,7.29,9.31,191
0.89,372,5.6,2.7,77
0.65,292,3.59,4.0,30
0.15,562,8.08,8.7,112
0.44,345,3.88,3.59,14
0.62,171,7.96,6.0,30
0.08,169,3.06,1.18,0
0.88,483,0.73,0.56,40
0.8,610,9.33,4.12,161
0.51,331,3.95,5.79,40
0.97,21,7.93,3.93,3
0.42,433,2.79,5.78,59
0.98,82,6.46,5.15,13
0.67,597,8.73,6.86,159
0.63,867,0.42,6.5,173
0.17,210,8.31,4.24,28
0.88,531,5.71,4.25,72
0.43,873,6.07,1.41,47
0.16,514,5.23,5.13,75
0.01,747,8.74,5.87,145
0.56,697,0.43,4.76,48
0.53,797,2.61,3.26,79
0.72,48,8.76,7.22,9
0.89,69,7.52,0.75,6
0.08,587,0.18,9.14,35
0.73,330,5.17,0.21,7
0.19,444,5.3,9.62,63
0.86,645,4.01,4.62,106
0.82,685,2.97,4.13,89
0.54,417,6.82,2.56,28
0.71,932,2.08,0.1,112
0.31,395,7.99,2.75,60
0.47,680,8.03,1.09,61
0.82,578,4.15,6.6,87
0.46,87,2.84,3.19,6
0.36,203,2.84,7.67,19
0.49,294,4.82,2.07,47
0.83,536,7.2,9.0,99
0.34,533,3.59,5.23,71
0.17,622,6.1,1.15,28
0.71,165,3.82,4.01,22
0.83,349,3.05,2.07,42
0.1,134,0.25,2.0,6
0.24,880,0.04,5.06,59
0.14,289,2.27,6.72,28
0.35,926,4.06,9.12,108
0.45,915,8.51,5.02,135
0.75,631,7.98,9.66,170
0.65,855,2.67,9.42,89
0.62,878,2.45,8.65,70
0.35,667,2.27,5.0,115
0.84,737,3.39,1.41,69
0.47,919,4.98,2.18,139
0.98,683,4.39,6.48,152
0.63,137,2.18,4.22,15
0.13,323,1.3,1.47,7
0.68,341,0.13,4.79,22
0.33,159,1.54,0.17,19
0.69,463,7.05,7.34,86
0.07,45,2.44,0.74,3
0.17,694,4.69,6.29,122
0.86,429,5.91,7.93,96
0.23,31,8.87,1.33,7
0.84,215,8.89,5.19,45
0.28,648,7.46,7.79,154
0.64,857,0.35,2.61,0
0.69,966,5.75,1.63,197
0.51,365,7.87,3.37,85
0.31,449,0.17,5.55,26
0.21,738,5.5,5.75,127
0.03,105,8.58,1.31,20
0.3,938,4.74,4.58,75
0.65,950,0.04,2.68,50
0.94,173,0.11,8.42,12
0.87,157,4.17,3.14,31
0.77,539,1.55,8.39,101
0.79,303,6.64,4.29,51
0.66,204,7.09,7.27,39
0.26,672,1.78,5.1,56
0.91,489,8.89,6.22,96
0.67,886,4.42,3.95,116
0.56,132,1.43,7.68,10
0.11,409,7.64,4.25,85
0.45,708,7.9,4.57,172
0.46,974,6.39,5.18,212
0.86,461,8.53,8.32,90
0.55,670,7.37,6.59,130
0.38,113,8.82,3.49,24
0.98,764,4.34,6.7,168
0.11,471,7.48,6.42,42
0.42,752,10.0,9.31,226
0.04,727,7.25,8.41,96
0.74,719,1.14,6.47,80
0.92,405,5.18,3.42,89
0.28,921,5.87,7.8,218
0.86,346,1.74,5.75,67
0.29,608,9.63,9.85,124
0.91,151,1.76,2.48,8
0.75,326,1.78,0.8,14
0.8,720,9.15,0.7,127
0.02,567,4.65,6.4,83
0.96,809,0.63,9.39,174
0.73,536,5.98,0.02,43
0.3,565,6.02,7.26,83
0.83,410,0.65,6.57,77
0.28,690,9.73,7.32,121
0.87,319,5.44,3.55,63
0.11,504,5.6,8.2,84
0.7,565,5.2,0.45,77
0.54,619,6.11,7.55,95
0.1,782,2.64,2.67,83
0.24,118,2.87,4.77,8
0.01,804,5.11,8.23,71
0.47,381,8.07,2.71,75
0.3,864,0.5,1.85,0
0.6,625,6.03,6.81,100
0.3,777,8.07,5.33,158
0.3,900,1.57,5.14,115
0.74,215,0.15,2.57,27
0.05,856,3.13,0.35,121
0.9,52,5.88,4.1,13
0.85,874,1.38,1.07,73
0.67,254,4.26,9.06,62
0.59,296,5.52,0.41,37
0.89,364,5.99,4.32,77
0.19,794,2.74,0.52,21
0.08,485,4.0,0.96,47
0.24,92,7.78,6.59,16
0.79,119,9.41,6.47,28
0.03,959,8.62,0.33,151
0.58,199,5.64,0.01,43
1.0,992,4.1,0.79,138
0.86,809,3.33,7.63,136
0.52,945,1.25,5.85,58
0.06,918,1.07,0.38,62
0.83,260,6.88,4.88,46
0.6,733,2.6,7.12,116
0.11,300,2.55,8.69,50
0.09,654,9.98,9.34,203
0.91,210,1.88,3.27,31
0.67,806,1.48,1.36,7
0.83,335,0.99,2.37,0
0.88,520,5.8,7.76,127
0.57,418,6.28,9.71,94
0.52,616,3.65,4.66,91
0.43,799,5.35,3.05,174
0.32,971,7.88,4.29,142
0.43,950,8.18,3.05,227
0.77,846,9.58,2.56,150
0.6,517,8.24,5.94,151
0.89,740,5.65,0.16,125
0.44,610,1.8,2.6,0
0.61,81,1.0,6.61,7
0.63,256,0.55,0.32,35
0.59,650,6.67,0.83,148
0.7,733,8.08,2.93,158
0.24,949,5.09,8.78,184
0.51,864,0.55,7.65,106
0.1,617,5.35,0.22,67
0.38,596,9.36,5.02,121
0.49,944,5.98,2.75,191
0.65,575,8.09,6.49,142
0.95,353,8.0,7.22,68
0.6,980,9.32,8.63,283
0.74,934,7.7,4.75,195
0.51,63,7.48,9.94,14
0.63,739,2.34,9.8,192
0.07,537,0.6,8.82,57
0.25,620,5.18,5.75,31
0.36,541,1.24,3.98,35
0.47,567,9.62,3.64,144
0.05,972,2.9,0.12,1
0.14,202,8.53,2.49,42
0.28,904,3.88,7.19,85
0.97,67,3.23,6.04,15
0.33,446,9.35,9.16,98
0.48,120,3.63,0.5,8
0.2,138,3.9,1.55,9
0.61,858,1.06,7.89,133
0.28,715,6.7,3.59,173
0.21,934,2.89,1.18,62
0.52,861,5.86,9.96,183
0.01,335,5.91,7.87,47
0.01,17,7.19,4.09,1
0.22,38,7.45,8.23,7
0.04,121,5.14,6.81,10
0.11,956,3.31,7.9,38
0.34,682,8.37,8.15,150
0.8,140,3.1,0.85,9
0.57,197,5.08,6.23,46
0.51,684,4.01,0.07,30
0.29,718,8.55,0.43,130
0.93,484,4.32,9.04,113
0.4,373,3.86,5.28,74
0.09,213,6.9,7.36,37
0.62,221,6.02,8.39,60
0.11,630,1.07,9.5,91
0.35,285,5.08,8.69,68
0.51,82,7.35,4.83,25
0.87,688,9.92,3.36,151
0.49,781,6.29,1.54,112
0.7,252,3.7,4.0,28
0.99,796,2.26,3.66,157
0.13,111,8.73,5.6,36
0.27,996,8.15,6.66,238
0.39,694,2.34,9.78,50
0.42,180,2.01,7.28,14
0.41,662,7.15,6.44,166
0.91,918,3.15,3.35,63
0.71,197,3.06,0.35,11
0.61,450,1.52,2.88,23
0.31,95,2.64,7.68,12
0.82,485,4.28,2.05,67
0.96,61,7.33,7.12,8
0.82,120,3.36,5.8,9
0.0,958,3.29,1.72,0
0.64,886,2.85,2.62,28
0.05,863,4.78,4.96,108
0.26,52,1.81,4.18,5
0.06,220,4.86,7.79,45
0.6,977,7.04,7.34,231
0.69,209,0.3,5.75,14
0.11,819,0.1,8.22,82
0.38,867,0.75,5.63,121
0.46,761,5.36,9.64,143
0.37,636,8.54,2.17,97
0.12,35,0.05,7.14,1
0.42,928,9.37,3.7,147
0.75,308,1.06,2.79,36
0.07,86,8.42,1.8,13
0.08,933,4.83,5.53,214
0.35,146,6.59,2.15,15
0.94,29,5.11,2.0,5
0.67,449,4.77,9.91,100
0.68,220,8.35,8.02,52
0.36,761,7.56,7.48,140
0.59,560,4.83,7.94,118
0.01,444,1.12,9.69,63
0.64,789,1.15,5.73,92
0.91,216,8.02,2.2,45
0.61,448,5.29,8.62,89
0.87,983,4.82,7.43,106
0.72,788,6.81,4.14,145
0.12,675,8.59,4.74,114
0.9,51,6.29,4.11,14
0.07,420,7.63,9.3,102
0.53,532,7.65,3.44,99
0.14,815,3.56,9.63,147
0.01,619,2.74,9.1,50
0.42,436,8.01,6.31,76
0.3,284,3.77,5.8,32
0.49,457,9.03,3.7,99
0.58,911,0.7,0.18,18
0.04,951,0.58,1.28,0
0.12,893,9.27,7.54,149
0.56,751,6.48,4.72,130
0.34,378,3.8,1.5,37
0.73,947,7.55,2.64,187
0.65,229,6.72,9.48,44
0.85,586,5.31,3.67,104
0.69,876,0.99,9.08,77
0.43,241,8.12,3.05,39
0.67,337,8.66,5.43,78
0.28,452,1.72,0.2,13
0.31,61,8.51,5.22,7
0.79,895,8.78,6.37,146
0.45,952,5.49,2.34,133
0.8,385,6.56,5.79,87
0.82,272,3.82,6.47,49
0.86,276,2.82,6.87,51
0.92,368,7.22,7.76,80
0.43,326,8.62,3.11,71
0.32,333,6.54,5.68,63
0.58,930,5.12,9.82,160
0.37,917,1.59,8.98,145
0.6,675,0.53,9.53,100
0.71,879,4.46,3.86,197
0.69,887,0.49,7.87,168
0.37,661,5.69,6.2,107
0.17,948,3.83,0.83,51
0.43,572,7.57,8.24,169
0.14,638,3.06,6.77,95
0.89,430,5.93,1.99,62
0.35,55,5.38,0.8,0
0.15,830,0.05,8.37,45
0.03,609,0.72,0.79,0
0.65,729,2.9,0.91,57
0.64,898,8.82,4.27,214
0.34,278,1.47,1.35,25
0.07,610,7.11,9.14,169
0.41,390,9.73,4.7,101
0.31,127,7.91,5.69,16
0.68,575,2.43,9.28,123
0.61,962,9.08,5.3,295
0.36,125,0.93,3.54,19
0.22,639,4.68,7.97,64
0.99,269,8.88,4.43,58
0.45,84,6.41,3.18,17
0.69,489,4.14,7.23,54
0.14,314,2.93,8.02,14
0.49,16,3.75,7.92,3
0.03,375,5.09,9.78,53
0.51,643,3.19,7.87,45
0.96,532,9.69,7.7,177
0.38,357,9.33,8.57,90
0.04,447,8.71,0.0,48
0.03,224,4.22,3.62,12
0.39,438,6.91,7.38,90
0.16,800,9.03,6.0,183
0.02,507,8.5,1.78,82
0.76,549,4.14,3.04,30
0.46,756,1.12,3.37,74
0.29,376,0.76,5.68,44
0.9,322,5.77,8.32,64
0.12,547,6.43,9.32,135
0.96,930,8.5,7.5,193
0.31,63,2.93,8.43,13
0.89,550,1.67,4.7,68
0.6,476,3.79,3.9,48
0.83,874,3.54,3.93,103
0.98,173,1.32,6.16,31
0.29,791,6.72,1.24,110
0.96,343,5.09,5.79,74
0.39,556,7.21,6.65,138
0.39,807,3.53,4.39,73
0.34,357,3.26,9.53,60
0.54,282,4.73,6.08,42
0.15,972,8.77,2.2,206
0.55,729,0.4,4.79,45
0.54,759,8.05,6.75,165
0.76,423,3.69,3.24,102
0.83,509,8.55,0.8,123
0.44,102,8.02,5.83,15
0.3,694,3.49,9.48,144
0.26,88,6.94,4.85,18
0.19,631,1.6,9.06,44
0.06,226,8.96,8.35,49
0.34,956,4.04,1.47,43
0.27,367,4.56,7.08,12
0.97,627,7.06,4.35,120
0.56,516,8.21,2.5,78
0.35,568,2.36,6.87,38
0.58,190,6.61,7.43,38
0.14,585,3.92,1.8,0
0.44,255,3.69,9.14,44
0.63,253,6.9,7.51,53
0.49,515,3.87,9.33,108
0.4,431,3.46,3.17,10
0.99,329,8.36,9.39,124
0.88,96,1.01,3.69,18
0.62,226,6.76,0.54,22
0.57,499,2.49,7.63,107
0.62,528,0.15,7.04,77
0.2,287,1.67,5.98,21
0.4,858,6.07,4.9,111
0.04,731,7.09,0.32,62
0.48,178,0.21,6.25,41
0.54,339,0.36,4.17,48
0.23,659,9.03,5.6,127
0.96,450,0.73,4.29,43
0.91,400,8.94,9.66,127
0.72,505,2.28,6.04,86
0.53,390,7.4,7.49,64
0.87,315,3.1,9.36,63
0.13,751,8.59,5.92,125
0.79,996,7.0,0.12,153
0.12,829,4.02,0.34,56
0.79,682,0.76,7.02,117
0.28,522,7.33,2.79,72
0.88,757,6.17,5.79,152
0.94,958,0.03,2.02,0
0.15,197,0.09,2.7,10
0.46,939,8.09,5.05,146
0.98,525,2.59,9.76,58
0.48,922,6.36,6.16,219
0.86,653,4.54,9.36,132
0.59,436,8.63,9.59,66
0.38,511,9.17,2.08,71
0.29,739,9.97,3.11,144
0.2,269,1.54,7.7,30
0.76,522,8.63,8.67,120
0.39,80,2.66,5.19,0
0.51,487,5.91,9.93,91
0.49,187,5.06,0.12,29
0.58,466,0.18,3.0,61
0.87,198,9.33,6.23,43
0.98,300,0.78,4.69,61
0.41,529,6.88,1.17,29
0.83,774,7.85,3.68,120
0.76,929,7.95,0.25,190
0.57,988,1.35,6.43,148
0.96,301,4.48,8.93,61
0.2,955,8.29,8.85,159
0.11,765,3.03,7.0,50
0.85,644,4.68,4.66,79
0.44,820,2.73,5.12,49
0.85,292,4.64,1.37,39
0.89,553,8.88,3.41,115
0.06,855,4.55,1.88,27
0.88,386,5.56,8.21,74
0.45,667,4.04,9.15,28
0.51,165,4.6,5.37,27
0.63,517,0.15,7.28,74
0.93,422,2.84,1.21,23
0.02,537,4.37,6.09,47
0.48,364,6.34,7.03,74
0.69,568,4.5,4.53,87
0.72,772,3.38,2.43,116
0.69,196,3.88,8.77,28
0.13,40,2.42,7.43,3
0.3,269,9.24,9.0,63
0.36,430,5.22,8.18,54
0.8,538,0.13,9.9,69
0.28,560,0.19,1.92,0
0.21,313,9.73,0.87,58
0.96,951,2.21,3.37,65
0.01,995,8.06,1.29,146
1.0,953,0.58,5.23,175
0.68,48,9.21,6.33,12
0.83,498,8.74,5.78,119
0.29,653,5.71,2.59,38
0.01,551,0.09,9.09,89
0.74,679,2.58,0.21,91
0.83,287,4.07,3.48,37
0.74,212,4.6,7.19,34
0.14,75,2.98,7.67,7
0.75,117,0.33,4.16,20
0.77,277,5.9,0.17,47
0.66,231,5.24,6.18,31
0.77,813,2.83,0.63,116
0.85,539,0.38,1.08,68
0.61,99,9.95,6.5,24
0.09,702,4.82,3.12,64
0.49,264,7.56,3.48,32
0.08,464,4.52,4.87,72
0.41,262,0.43,9.79,27
0.41,266,3.1,9.65,37
0.07,392,3.2,4.16,36
0.35,451,8.38,2.65,58
0.11,867,6.54,3.03,182
0.81,608,2.75,2.69,96
0.95,99,9.68,5.32,25
0.07,758,3.22,6.07,53
0.96,399,9.98,4.89,82
0.52,591,9.96,4.08,103
0.3,53,1.91,2.11,0
0.08,721,3.13,4.83,83
0.5,673,4.86,3.41,67
0.79,607,6.64,5.42,96
0.71,28,5.28,6.75,4
0.05,110,9.69,6.33,29
0.07,923,7.24,4.62,111
0.4,616,2.12,5.56,105
0.3,775,1.05,2.85,35
0.23,366,6.88,0.24,20
0.28,551,1.58,6.25,68
0.8,770,7.88,2.53,175
0.93,947,3.11,6.69,111
0.41,42,3.27,7.47,6
0.91,979,0.11,9.16,151
0.32,238,7.01,9.58,53
0.48,533,1.13,0.11,10
0.23,639,7.73,9.9,173
0.64,871,4.92,6.83,141
0.98,164,7.84,6.44,33
0.6,432,5.84,0.15,13
0.36,914,0.82,8.61,26
0.65,255,7.66,1.45,44
0.12,414,0.7,8.37,40
0.89,853,4.79,0.16,138
0.5,768,1.72,6.46,132
0.45,550,7.52,4.35,92
0.59,170,9.12,2.01,40
0.62,756,5.54,1.08,73
0.07,711,5.27,4.4,85
0.68,126,7.64,1.23,19
0.24,280,0.05,4.86,39
0.71,779,9.18,6.25,134
0.82,701,1.97,8.27,110
0.8,496,9.84,6.79,109
0.55,894,7.36,0.65,116
0.52,181,7.74,3.07,28
0.14,959,6.56,2.88,132
0.78,283,4.72,9.15,76
0.27,268,5.72,8.68,75
0.5,144,0.46,3.7,15
0.28,692,6.24,0.71,46
0.13,731,6.26,8.94,132
0.63,757,8.91,8.88,202
0.05,431,5.06,8.55,62
0.75,430,0.77,8.45,51
0.32,195,3.06,4.8,21
0.0,938,6.56,1.77,145
0.51,373,2.39,4.77,51
0.05,964,2.81,4.95,61
0.28,616,8.2,4.9,133
0.71,387,5.84,5.39,102
0.06,532,5.09,2.58,16
0.84,589,3.18,3.66,62
0.0,900,7.31,4.34,115
0.25,731,2.88,1.31,53
0.74,205,7.37,4.55,21
0.32,890,0.7,8.1,156
0.1,107,8.65,8.28,24
0.36,614,5.0,4.12,91
0.27,993,4.39,5.19,139
0.84,31,6.11,0.34,3
0.31,459,6.24,6.74,97
0.79,181,1.32,4.05,18
0.89,392,7.56,4.45,39
0.43,143,2.76,8.74,21
0.91,435,9.05,4.62,93
0.38,34,8.18,0.21,6
0.96,512,3.46,2.27,132
0.09,194,8.08,4.76,37
0.69,94,3.56,4.24,22
0.49,576,1.01,8.6,53
0.39,772,9.62,5.42,144
0.63,153,6.53,6.9,28
0.7,872,4.56,4.69,150
0.0,919,3.98,4.4,66
0.17,688,3.25,4.46,15
0.71,421,9.81,4.11,95
0.67,233,1.35,5.39,12
0.97,229,3.15,2.5,40
0.76,188,4.85,8.91,44
0.95,640,4.78,3.33,73
0.7,442,4.71,1.48,63
0.3,274,1.76,0.97,6
0.11,963,1.45,0.13,25
0.78,438,2.55,4.23,51
0.64,671,9.15,1.88,115
0.05,425,1.13,0.22,27
0.36,462,7.57,5.2,59
0.96,736,7.58,6.8,189
0.5,206,8.1,0.86,35
0.43,563,8.87,4.61,73
0.46,62,2.63,7.44,6
0.21,489,2.25,9.86,43
0.37,452,4.66,6.67,62
0.37,339,2.65,2.45,29
0.05,260,7.34,7.17,36
0.77,816,6.36,5.98,198
0.42,899,8.75,2.12,203
0.82,792,0.83,8.51,159
0.85,976,9.15,4.27,85
0.21,934,2.93,9.62,232
0.66,132,4.91,7.23,25
0.47,888,4.39,6.45,139
0.88,396,7.6,7.28,89
0.22,348,4.2,4.78,19
0.68,787,9.44,5.05,192
0.61,357,9.03,8.51,118
0.3,38,8.72,6.81,8
0.14,984,0.71,8.97,51
0.65,44,8.54,8.91,8
0.74,527,7.82,9.76,125
0.32,405,1.04,7.0,26
0.64,632,1.07,5.02,84
0.4,303,1.01,1.66,36
0.71,598,0.11,7.05,78
0.2,358,5.49,2.92,42
0.89,156,9.73,2.83,33
0.29,76,4.39,2.38,8
0.37,913,5.41,8.75,118
0.06,529,9.68,8.68,140
0.11,131,2.55,6.31,7
0.52,349,8.58,4.73,90
0.27,184,5.46,6.72,27
0.84,909,5.69,6.07,209
0.01,700,3.43,4.16,14
0.38,606,5.62,3.8,111
0.34,460,0.73,3.83,62
0.02,566,7.65,5.89,63
0.12,145,2.85,6.48,16
0.41,864,8.88,4.52,186
0.49,25,3.68,9.69,5
0.4,342,1.43,0.84,11
0.53,204,6.96,3.47,29
0.6,505,1.65,4.19,55
0.01,18,7.54,0.17,2
0.46,837,9.68,3.65,145
0.96,343,7.8,2.74,52
0.52,342,0.22,5.06,48
0.68,336,6.0,3.36,55
0.31,24,6.95,7.26,2
0.77,848,8.25,5.1,233
0.77,623,0.56,1.3,19
0.52,235,4.8,7.5,41
0.98,434,5.35,0.99,69
0.13,799,1.69,8.39,33
0.02,417,3.22,9.31,53
0.77,122,4.4,3.22,25
0.81,437,8.33,9.26,137
0.12,10,9.29,7.93,2
0.27,275,6.28,9.22,65
0.02,500,3.95,6.66,85
0.29,217,2.54,2.36,25
0.77,631,9.82,8.95,138
0.52,721,9.83,1.84,198
0.35,961,9.25,2.13,148
0.37,378,7.86,2.71,64
0.0,994,3.26,3.04,61
0.3,315,8.17,5.14,63
0.65,21,4.09,7.13,3
0.97,354,3.27,9.26,63
0.85,474,7.45,0.88,82
0.02,709,0.8,9.54,120
0.9,675,0.49,9.21,135
0.78,503,4.48,0.54,85
0.78,377,4.46,3.6,70
0.46,855,8.96,8.13,283
0.4,946,1.26,6.12,81
0.3,429,1.23,7.79,44
0.07,898,1.47,7.19,79
0.23,800,0.3,4.97,50
0.25,180,0.72,0.41,0
0.48,143,6.6,5.84,28
0.75,974,4.32,0.49,128
0.47,436,7.64,6.04,81
0.06,34,9.93,8.0,5
0.96,539,6.59,5.85,111
0.94,199,0.5,9.97,18
0.79,150,1.05,4.56,18
0.99,564,8.81,7.49,148
0.54,855,5.27,6.67,157
0.96,805,8.25,9.91,175
0.08,667,8.57,7.13,178
0.37,324,9.28,1.64,59
0.23,453,9.5,9.56,92
0.2,328,5.55,6.68,62
0.14,450,3.41,0.59,31
0.62,101,9.62,6.58,34
0.78,188,5.47,8.83,34
0.58,65,0.64,5.77,2
0.15,164,6.43,3.54,25
0.81,681,5.88,8.21,178
0.64,120,8.96,7.83,43
0.39,146,6.53,5.44,50
0.67,241,3.49,1.54,6
0.26,477,9.66,2.51,84
0.35,741,8.02,7.38,111
0.92,490,6.3,8.06,102
0.29,77,2.93,2.79,16
0.47,823,3.74,3.68,62
0.89,258,6.7,0.78,39
0.71,332,0.72,7.13,29
0.06,931,2.57,0.04,0
0.15,913,7.14,0.47,191
0.01,527,4.8,0.04,0
0.63,985,4.02,6.45,150
0.45,801,1.51,4.17,73
0.13,441,4.42,2.98,44
0.96,496,7.71,9.13,119
0.53,615,2.64,1.93,102
0.24,438,0.05,3.89,0
0.5,278,6.69,9.4,67
0.68,718,9.73,4.27,177
0.08,546,6.07,5.55,90
0.27,157,1.2,0.8,0
0.81,127,3.21,7.9,29
0.46,859,8.68,4.23,217
0.55,376,2.33,8.01,37
0.43,859,6.08,2.54,67
0.04,75,4.03,4.22,3
0.17,979,2.08,7.87,127
0.45,822,8.13,9.74,201
0.21,379,7.43,0.6,42
0.05,184,6.62,8.12,53
0.84,840,2.36,3.01,71
0.98,597,0.98,5.51,76
0.79,504,5.76,2.9,73
0.85,982,5.54,6.13,280
0.24,123,1.88,3.54,0
0.96,120,0.56,3.34,9
0.2,770,0.81,0.38,44
0.95,448,9.93,1.47,90
0.99,724,7.84,9.17,140
0.71,156,9.22,9.98,44
0.98,44,1.95,7.81,3
0.57,318,9.61,2.87,75
0.26,547,1.43,4.02,30
0.44,759,5.09,7.4,109
0.59,23,8.3,9.69,7
0.07,383,3.5,4.55,20
0.62,566,4.25,8.3,57
0.98,437,1.28,9.75,53
0.19,737,1.23,8.73,160
0.79,242,6.2,2.27,25
0.91,714,6.76,0.08,118
0.94,572,7.77,4.92,146
0.96,948,5.57,5.31,130
0.52,896,6.46,2.01,86
0.98,735,0.14,2.85,65
0.76,672,1.62,7.65,101
0.16,449,9.85,4.7,121
0.48,511,0.76,3.17,15
0.72,284,6.79,6.23,51
0.25,859,1.76,6.53,211
0.64,85,7.17,7.69,11
0.67,448,7.06,1.57,25
0.16,741,2.34,7.42,36
0.57,869,2.7,5.99,160
0.77,965,6.55,0.58,116
0.5,708,3.9,7.77,99
0.01,298,1.95,3.83,6
0.01,924,7.32,3.3,175
0.36,549,1.54,4.48,10
0.93,900,8.56,3.46,162
0.23,701,5.15,3.38,53
0.63,262,1.06,8.08,0
0.22,135,6.94,1.25,14
0.32,186,5.19,9.71,35
0.85,46,2.98,5.55,5
0.73,419,4.23,1.83,44
0.1,620,2.98,1.31,31
0.43,619,2.63,5.92,70
0.03,136,1.64,6.33,5
0.48,492,3.63,0.53,14
0.66,177,2.51,2.43,17
0.12,601,6.83,7.95,69
0.29,303,6.84,0.5,34
0.4,854,5.02,8.55,224
0.92,647,7.78,6.58,147
0.99,352,8.41,4.34,45
0.04,319,5.8,3.46,42
0.76,671,6.19,0.19,117
0.37,537,2.83,8.25,56
0.39,549,8.95,1.43,84
0.75,428,0.24,3.1,12
0.92,453,3.49,5.69,60
0.95,694,7.22,2.46,102
0.58,567,0.8,4.97,64
0.36,849,1.83,8.09,178
0.79,245,5.89,4.71,44
0.25,448,5.6,9.49,51
0.56,223,7.39,8.48,78
0.36,94,8.13,3.33,19
0.66,803,1.29,4.0,106
0.24,753,0.18,4.23,41
0.19,94,6.9,6.26,18
0.92,930,3.01,2.87,96
0.1,498,6.26,9.69,120
0.51,74,1.51,6.09,6
0.22,655,4.69,3.99,95
0.04,672,5.04,6.45,128
0.04,636,5.85,3.95,122
0.18,73,5.13,8.18,16
0.87,352,4.96,5.68,43
0.28,948,3.33,0.42,139
0.95,884,0.71,1.77,96
0.58,928,0.9,8.65,134
0.44,361,4.34,5.63,59
0.58,167,3.56,9.5,28
0.52,598,5.16,0.72,52
0.76,500,3.05,2.95,47
0.28,667,6.88,1.94,134
0.35,864,8.64,5.54,178
0.89,472,2.99,3.83,67
0.95,234,1.93,1.57,22
0.89,926,1.16,6.43,86
0.42,322,6.16,5.36,19
0.78,624,4.44,2.75,107
0.48,928,1.88,4.8,124
0.5,868,6.53,7.46,171
0.2,822,1.48,2.05,0
0.59,949,5.54,2.93,221
0.19,475,5.27,3.46,50
0.33,97,7.34,7.47,21
0.86,892,0.55,8.47,90
0.21,312,8.88,3.76,36
0.07,689,7.03,2.97,116
0.07,444,2.16,8.89,22
0.94,691,1.83,9.99,128
0.51,144,4.32,6.7,24
0.41,59,8.18,9.9,11
0.81,441,8.43,6.6,74
0.84,349,5.2,7.33,54
0.33,356,8.61,3.89,55
0.69,655,0.05,4.33,1
0.77,356,0.35,1.44,1
0.65,658,9.12,8.23,168
0.15,254,7.75,9.31,80
0.88,118,4.51,6.23,26
0.54,834,7.54,3.44,152
0.28,808,9.56,1.54,185
0.43,542,7.72,2.65,120
0.04,99,8.42,2.55,14
0.13,305,7.61,6.14,59
0.77,121,1.68,9.45,25
0.0,822,8.34,0.48,153
0.42,598,1.95,0.01,64
0.52,186,8.93,6.0,31
0.05,352,4.59,2.84,56
0.97,669,6.77,8.81,221
0.23,110,4.97,3.27,21
0.3,767,0.94,2.9,3
0.3,638,2.91,2.7,12
0.23,613,9.84,1.45,121
0.0,410,9.61,5.82,113
0.73,37,3.2,1.68,4
0.97,946,9.96,4.25,216
0.22,971,8.46,4.61,174
0.66,546,6.11,0.2,97
0.74,67,0.4,0.17,2
0.85,507,9.01,5.2,129
0.42,306,5.57,6.96,51
0.3,143,8.68,9.42,28
0.33,340,8.34,1.79,38
0.71,258,8.33,1.03,51
0.82,559,6.98,0.52,9
0.18,911,2.91,4.36,110
0.37,950,3.36,6.23,117
0.9,84,3.08,8.41,19
0.81,663,0.2,6.83,94
0.98,843,5.83,2.08,134
0.75,177,6.99,4.62,24
0.39,780,8.54,9.1,147
0.59,512,1.4,3.27,26
0.66,894,5.44,4.99,186
0.08,364,0.08,9.59,69
0.54,234,0.95,7.35,31
0.71,673,0.54,7.48,60
0.17,540,7.25,2.52,64
0.78,155,0.81,4.15,11
0.58,969,7.16,0.82,191
0.95,250,2.5,6.07,31
0.04,893,8.78,1.04,127
0.27,902,8.13,8.36,258
0.6,353,9.58,8.15,80
0.3,758,8.84,5.34,173
0.71,44,9.33,1.41,10
0.76,711,8.59,0.26,123
0.1,10,6.93,7.97,3
0.51,162,1.7,6.0,31
0.51,438,2.72,7.11,66
0.37,954,2.13,3.04,39
0.93,517,6.04,5.09,78
0.83,135,5.04,7.47,27
0.7,500,8.67,4.63,78
0.71,491,9.53,6.01,124
0.46,354,4.05,7.9,87
0.92,921,5.06,2.15,135
0.69,747,9.72,0.66,139
0.73,230,2.76,5.32,40
0.86,924,7.92,0.62,180
0.27,928,2.25,7.67,62
0.81,732,6.81,7.19,140
0.2,34,2.54,8.82,8
0.35,537,8.84,6.4,124
0.34,191,5.61,0.67,11
0.98,508,1.86,2.53,47
0.86,850,2.24,8.08,58
0.7,650,4.94,1.67,21
0.73,51,9.62,6.98,15
0.56,924,7.7,7.8,204
0.95,490,4.88,3.3,88
0.5,939,3.38,3.22,156
0.38,857,5.49,5.58,149
0.16,757,7.48,8.61,184
0.79,881,7.84,2.24,169
0.73,448,3.25,9.41,109
0.38,411,7.21,5.99,113
0.03,555,6.58,9.92,116
0.84,354,9.59,0.9,72
0.01,902,9.31,1.27,152
0.7,54,7.89,8.27,12
0.97,655,7.23,8.65,146
0.44,30,2.74,4.45,5
0.23,643,8.46,7.14,122
0.7,79,4.28,8.68,13
0.82,873,2.72,0.43,114
0.55,882,3.84,5.74,169
0.97,57,8.36,8.53,21
0.05,500,1.49,3.98,63
0.5,560,4.56,3.02,92
0.72,296,4.92,7.96,70
0.86,19,0.37,3.36,1
0.18,551,1.96,0.03,37
0.8,765,8.27,9.6,222
0.55,283,8.31,5.92,52
0.4,965,2.92,8.2,138
0.13,609,8.75,8.25,163
0.87,765,7.72,0.66,126
0.16,390,4.18,1.71,46
0.31,338,7.48,3.11,69
0.29,488,9.61,3.21,114
0.87,24,4.59,6.59,6
